-- phpMyAdmin SQL Dump
-- version 5.2.1
-- https://www.phpmyadmin.net/
--
-- Host: 127.0.0.1
-- Generation Time: Feb 25, 2026 at 09:10 AM
-- Server version: 10.4.32-MariaDB
-- PHP Version: 8.2.12

SET SQL_MODE = "NO_AUTO_VALUE_ON_ZERO";
START TRANSACTION;
SET time_zone = "+00:00";


/*!40101 SET @OLD_CHARACTER_SET_CLIENT=@@CHARACTER_SET_CLIENT */;
/*!40101 SET @OLD_CHARACTER_SET_RESULTS=@@CHARACTER_SET_RESULTS */;
/*!40101 SET @OLD_COLLATION_CONNECTION=@@COLLATION_CONNECTION */;
/*!40101 SET NAMES utf8mb4 */;

--
-- Database: `wb_main`
--

-- --------------------------------------------------------

--
-- Table structure for table `bills`
--

CREATE TABLE `bills` (
  `bill_id` int(11) NOT NULL,
  `rental_id` int(11) NOT NULL,
  `total_room_cost` decimal(10,2) DEFAULT 0.00,
  `total_orders_cost` decimal(10,2) DEFAULT 0.00,
  `grand_total` decimal(10,2) DEFAULT 0.00,
  `is_paid` tinyint(1) DEFAULT 0,
  `created_at` timestamp NOT NULL DEFAULT current_timestamp()
) ENGINE=InnoDB DEFAULT CHARSET=utf8mb4 COLLATE=utf8mb4_general_ci;

--
-- Dumping data for table `bills`
--

INSERT INTO `bills` (`bill_id`, `rental_id`, `total_room_cost`, `total_orders_cost`, `grand_total`, `is_paid`, `created_at`) VALUES
(1, 1, 75.00, 0.00, 0.00, 1, '2026-01-31 10:30:13'),
(2, 2, 75.00, 0.00, 0.00, 1, '2026-01-31 10:30:28'),
(3, 3, 150.00, 0.00, 0.00, 1, '2026-01-31 10:34:14'),
(4, 4, 150.00, 0.00, 0.00, 1, '2026-01-31 22:16:49'),
(5, 5, 150.00, 180.00, 180.00, 0, '2026-01-31 22:57:29'),
(6, 6, 150.00, 0.00, 0.00, 1, '2026-02-01 04:17:15'),
(7, 7, 450.00, 0.00, 0.00, 1, '2026-02-01 04:17:28'),
(8, 8, 825.00, 70.00, 745.00, 0, '2026-02-01 04:27:41'),
(9, 9, 450.00, 0.00, 0.00, 1, '2026-02-01 05:06:40'),
(10, 10, 300.00, 0.00, 150.00, 0, '2026-02-01 05:10:03'),
(11, 11, 150.00, 590.00, 590.00, 0, '2026-02-01 06:37:17'),
(12, 12, 150.00, 0.00, 0.00, 1, '2026-02-01 06:57:30'),
(13, 13, 150.00, 0.00, 0.00, 1, '2026-02-01 15:28:52'),
(14, 14, 150.00, 0.00, 0.00, 1, '2026-02-01 15:29:01'),
(15, 15, 75.00, 0.00, 0.00, 1, '2026-02-01 15:29:02'),
(16, 16, 150.00, 0.00, 0.00, 1, '2026-02-01 15:41:23'),
(17, 17, 150.00, 0.00, 0.00, 1, '2026-02-01 15:46:55'),
(18, 18, 150.00, 0.00, 0.00, 1, '2026-02-01 15:52:49'),
(19, 19, 150.00, 0.00, 0.00, 1, '2026-02-01 15:54:37'),
(20, 20, 150.00, 0.00, 0.00, 1, '2026-02-01 16:05:27'),
(21, 21, 150.00, 0.00, 0.00, 1, '2026-02-01 16:06:35'),
(22, 22, 150.00, 0.00, 0.00, 1, '2026-02-01 23:19:53'),
(23, 23, 225.00, 110.00, 185.00, 0, '2026-02-01 23:25:10'),
(24, 24, 150.00, 0.00, 0.00, 1, '2026-02-02 00:30:06'),
(25, 25, 150.00, 0.00, 0.00, 1, '2026-02-02 00:31:36'),
(26, 26, 150.00, 0.00, 0.00, 1, '2026-02-02 00:35:44'),
(27, 27, 150.00, 0.00, 0.00, 1, '2026-02-02 00:38:20'),
(28, 28, 150.00, 0.00, 0.00, 1, '2026-02-02 00:42:16'),
(29, 29, 225.00, 60.00, 135.00, 0, '2026-02-02 03:42:10'),
(30, 30, 150.00, 0.00, 0.00, 1, '2026-02-02 03:48:07'),
(31, 31, 150.00, 0.00, 0.00, 1, '2026-02-02 03:51:12'),
(32, 32, 150.00, 0.00, 0.00, 1, '2026-02-02 03:54:39'),
(33, 33, 75.00, 0.00, 0.00, 1, '2026-02-02 10:47:25'),
(34, 34, 75.00, 285.00, 285.00, 0, '2026-02-02 11:10:58'),
(35, 35, 150.00, 0.00, 0.00, 1, '2026-02-02 11:58:59'),
(36, 36, 150.00, 0.00, 0.00, 1, '2026-02-02 12:16:40'),
(37, 37, 150.00, 0.00, 0.00, 1, '2026-02-02 12:17:37'),
(38, 38, 150.00, 0.00, 0.00, 1, '2026-02-04 06:15:29'),
(39, 39, 150.00, 0.00, 0.00, 1, '2026-02-09 00:15:24'),
(40, 40, 150.00, 0.00, 0.00, 1, '2026-02-09 00:21:10'),
(41, 41, 150.00, 0.00, 0.00, 1, '2026-02-09 00:24:51'),
(42, 42, 150.00, 0.00, 0.00, 1, '2026-02-09 01:04:14'),
(43, 43, 200.00, 0.00, 0.00, 1, '2026-02-09 01:19:15'),
(44, 44, 150.00, 0.00, 0.00, 1, '2026-02-09 10:29:51'),
(45, 45, 150.00, 0.00, 0.00, 1, '2026-02-09 10:30:33'),
(46, 46, 150.00, 0.00, 0.00, 1, '2026-02-09 11:33:47'),
(47, 47, 75.00, 0.00, 0.00, 1, '2026-02-18 05:14:09'),
(48, 48, 200.00, 0.00, 0.00, 1, '2026-02-18 05:21:57'),
(49, 49, 150.00, 0.00, 0.00, 1, '2026-02-18 05:22:32'),
(50, 50, 150.00, 0.00, 0.00, 1, '2026-02-18 05:22:59'),
(51, 51, 75.00, 0.00, 0.00, 1, '2026-02-22 14:21:48'),
(52, 52, 150.00, 0.00, 0.00, 1, '2026-02-22 14:31:00'),
(53, 53, 150.00, 0.00, 0.00, 1, '2026-02-22 14:46:16'),
(54, 54, 150.00, 0.00, 0.00, 1, '2026-02-22 22:43:18'),
(55, 55, 150.00, 0.00, 0.00, 1, '2026-02-23 03:40:05'),
(56, 56, 150.00, 0.00, 0.00, 1, '2026-02-23 07:39:11'),
(57, 57, 150.00, 0.00, 0.00, 1, '2026-02-23 13:20:41'),
(58, 58, 150.00, 0.00, 0.00, 1, '2026-02-23 13:22:32'),
(59, 59, 150.00, 0.00, 0.00, 1, '2026-02-23 13:22:40'),
(60, 60, 150.00, 0.00, 0.00, 1, '2026-02-23 13:26:25'),
(61, 61, 75.00, 35.00, 35.00, 0, '2026-02-23 13:27:33'),
(62, 62, 150.00, 0.00, 0.00, 1, '2026-02-23 13:48:39'),
(63, 63, 150.00, 0.00, 0.00, 1, '2026-02-23 22:34:06'),
(64, 64, 150.00, 0.00, 0.00, 1, '2026-02-23 22:34:27'),
(65, 65, 150.00, 0.00, 0.00, 1, '2026-02-23 22:35:59'),
(66, 66, 150.00, 0.00, 0.00, 1, '2026-02-23 22:37:01'),
(67, 67, 150.00, 0.00, 0.00, 1, '2026-02-23 22:39:29'),
(68, 68, 150.00, 0.00, 0.00, 1, '2026-02-23 22:40:22'),
(69, 69, 150.00, 0.00, 0.00, 1, '2026-02-23 22:44:35'),
(70, 70, 150.00, 0.00, 0.00, 1, '2026-02-23 22:44:39'),
(71, 71, 150.00, 0.00, 0.00, 1, '2026-02-23 23:20:53'),
(72, 72, 150.00, 0.00, 0.00, 1, '2026-02-23 23:24:01'),
(73, 73, 150.00, 0.00, 0.00, 1, '2026-02-23 23:26:32'),
(74, 74, 150.00, 0.00, 0.00, 1, '2026-02-23 23:27:17'),
(75, 75, 150.00, 0.00, 0.00, 1, '2026-02-23 23:28:45'),
(76, 76, 300.00, 0.00, 0.00, 1, '2026-02-23 23:30:09'),
(77, 77, 150.00, 0.00, 0.00, 1, '2026-02-23 23:37:31'),
(78, 78, 150.00, 0.00, 0.00, 1, '2026-02-23 23:38:52'),
(79, 79, 150.00, 0.00, 0.00, 1, '2026-02-23 23:39:16'),
(80, 80, 150.00, 0.00, 0.00, 1, '2026-02-23 23:39:23'),
(81, 81, 150.00, 0.00, 0.00, 1, '2026-02-23 23:41:56'),
(82, 82, 225.00, 0.00, 75.00, 0, '2026-02-23 23:45:54'),
(83, 83, 75.00, 0.00, 0.00, 1, '2026-02-23 23:47:19'),
(84, 84, 150.00, 0.00, 0.00, 1, '2026-02-24 03:34:41'),
(85, 85, 150.00, 0.00, 0.00, 1, '2026-02-24 04:18:33'),
(86, 86, 675.00, 0.00, 525.00, 0, '2026-02-24 04:30:56'),
(87, 87, 200.00, 0.00, 0.00, 1, '2026-02-24 04:35:58'),
(88, 88, 200.00, 0.00, 0.00, 1, '2026-02-24 08:51:48'),
(89, 89, 200.00, 0.00, 0.00, 1, '2026-02-24 09:01:31'),
(90, 90, 150.00, 0.00, 0.00, 1, '2026-02-24 09:02:33'),
(91, 91, 600.00, 0.00, 400.00, 0, '2026-02-24 09:06:29'),
(92, 92, 525.00, 0.00, 375.00, 0, '2026-02-24 12:21:36'),
(93, 93, 225.00, 0.00, 75.00, 0, '2026-02-24 13:24:33'),
(94, 94, 750.00, 0.00, 0.00, 1, '2026-02-24 16:20:07'),
(95, 95, 225.00, 361.00, 436.00, 0, '2026-02-24 16:30:45'),
(96, 96, 300.00, 0.00, 150.00, 0, '2026-02-24 16:33:40'),
(97, 97, 150.00, 0.00, 0.00, 1, '2026-02-25 01:22:05'),
(98, 98, 150.00, 0.00, 0.00, 1, '2026-02-25 01:24:41'),
(99, 99, 150.00, 0.00, 0.00, 1, '2026-02-25 01:27:31'),
(100, 100, 150.00, 0.00, 0.00, 1, '2026-02-25 01:28:18'),
(101, 101, 150.00, 0.00, 0.00, 1, '2026-02-25 01:51:08'),
(102, 102, 150.00, 0.00, 0.00, 1, '2026-02-25 01:51:29'),
(103, 103, 150.00, 0.00, 0.00, 1, '2026-02-25 01:53:37'),
(104, 104, 150.00, 0.00, 0.00, 1, '2026-02-25 01:54:14'),
(105, 105, 150.00, 0.00, 0.00, 1, '2026-02-25 01:54:55'),
(106, 106, 150.00, 0.00, 0.00, 1, '2026-02-25 01:55:01'),
(107, 107, 150.00, 0.00, 0.00, 1, '2026-02-25 01:55:05'),
(108, 108, 150.00, 0.00, 0.00, 1, '2026-02-25 01:55:16'),
(109, 109, 150.00, 35.00, 35.00, 1, '2026-02-25 08:04:15');

-- --------------------------------------------------------

--
-- Table structure for table `cleaning_logs`
--

CREATE TABLE `cleaning_logs` (
  `cleaning_id` int(11) NOT NULL,
  `room_id` int(11) NOT NULL,
  `staff_name` varchar(100) NOT NULL,
  `verified_by` varchar(100) DEFAULT NULL,
  `cleaned_at` timestamp NOT NULL DEFAULT current_timestamp()
) ENGINE=InnoDB DEFAULT CHARSET=utf8mb4 COLLATE=utf8mb4_general_ci;

--
-- Dumping data for table `cleaning_logs`
--

INSERT INTO `cleaning_logs` (`cleaning_id`, `room_id`, `staff_name`, `verified_by`, `cleaned_at`) VALUES
(1, 1, '', NULL, '2026-01-31 15:57:20'),
(2, 2, '', NULL, '2026-01-31 15:57:29'),
(3, 5, '', NULL, '2026-01-31 23:26:52'),
(4, 10, '', NULL, '2026-01-31 23:26:59'),
(5, 9, '', NULL, '2026-01-31 23:27:01'),
(6, 3, '', NULL, '2026-01-31 23:27:03'),
(7, 2, '', NULL, '2026-01-31 23:27:05'),
(8, 1, '', NULL, '2026-01-31 23:27:07'),
(9, 4, '', NULL, '2026-01-31 23:27:09'),
(10, 5, '', NULL, '2026-01-31 23:27:10'),
(11, 9, '', NULL, '2026-01-31 23:27:12'),
(12, 10, '', NULL, '2026-01-31 23:27:13'),
(13, 2, '', NULL, '2026-02-01 06:36:45'),
(14, 1, '', NULL, '2026-02-01 06:36:46'),
(15, 3, '', NULL, '2026-02-01 06:36:47'),
(16, 4, '', NULL, '2026-02-01 06:36:47'),
(17, 5, '', NULL, '2026-02-01 06:36:49'),
(18, 1, '', NULL, '2026-02-01 15:47:54'),
(19, 2, '', NULL, '2026-02-01 15:47:56'),
(20, 3, '', NULL, '2026-02-01 15:47:57'),
(21, 4, '', NULL, '2026-02-01 15:47:59'),
(22, 5, '', NULL, '2026-02-01 15:48:00'),
(23, 7, '', NULL, '2026-02-01 15:48:02'),
(24, 6, '', NULL, '2026-02-01 15:48:03'),
(25, 1, '', NULL, '2026-02-01 23:20:50'),
(26, 2, '', NULL, '2026-02-01 23:20:52'),
(27, 3, '', NULL, '2026-02-01 23:20:53'),
(28, 4, '', NULL, '2026-02-01 23:20:54'),
(29, 5, '', NULL, '2026-02-01 23:20:55'),
(30, 1, '', NULL, '2026-02-02 00:44:35'),
(31, 2, '', NULL, '2026-02-02 03:44:26'),
(32, 3, '', NULL, '2026-02-02 03:44:34'),
(33, 4, '', NULL, '2026-02-02 03:44:37'),
(34, 5, '', NULL, '2026-02-02 03:44:41'),
(35, 6, '', NULL, '2026-02-02 03:44:43'),
(36, 3, '', NULL, '2026-02-02 03:51:49'),
(37, 2, '', NULL, '2026-02-02 03:51:53'),
(38, 1, '', NULL, '2026-02-02 03:51:56'),
(39, 1, '', NULL, '2026-02-02 03:52:45'),
(40, 1, '', NULL, '2026-02-02 03:52:51'),
(41, 1, '', NULL, '2026-02-02 11:10:34'),
(42, 2, '', NULL, '2026-02-02 11:10:36'),
(43, 5, '', NULL, '2026-02-02 11:28:43'),
(44, 5, '', NULL, '2026-02-02 11:28:52'),
(45, 1, '', NULL, '2026-02-02 12:13:24'),
(46, 1, '', NULL, '2026-02-09 10:29:31'),
(47, 2, '', NULL, '2026-02-09 10:29:34'),
(48, 3, '', NULL, '2026-02-09 10:29:36'),
(49, 4, '', NULL, '2026-02-09 10:29:38'),
(50, 1, '', NULL, '2026-02-18 05:19:04'),
(51, 1, '', NULL, '2026-02-22 14:01:35'),
(52, 1, '', NULL, '2026-02-22 14:01:40'),
(53, 2, '', NULL, '2026-02-22 14:01:42'),
(54, 3, '', NULL, '2026-02-22 14:01:43'),
(55, 16, '', NULL, '2026-02-22 14:02:19'),
(56, 15, '', NULL, '2026-02-22 14:30:58'),
(57, 15, '', NULL, '2026-02-22 14:46:14'),
(58, 15, '', NULL, '2026-02-22 22:43:15'),
(59, 15, '', NULL, '2026-02-23 03:43:24'),
(60, 1, '', NULL, '2026-02-23 03:43:26'),
(61, 4, '', NULL, '2026-02-23 03:43:28'),
(62, 5, '', NULL, '2026-02-23 03:43:30'),
(63, 8, '', NULL, '2026-02-23 07:39:27'),
(64, 15, '', NULL, '2026-02-23 12:45:49'),
(65, 15, '', NULL, '2026-02-23 13:27:28'),
(66, 1, '', NULL, '2026-02-23 13:48:35'),
(67, 1, '', NULL, '2026-02-23 13:54:10'),
(68, 1, '', NULL, '2026-02-23 13:54:12'),
(69, 2, '', NULL, '2026-02-23 22:34:22'),
(70, 1, '', NULL, '2026-02-23 22:35:54'),
(71, 2, '', NULL, '2026-02-23 22:36:59'),
(72, 1, '', NULL, '2026-02-23 22:39:26'),
(73, 3, '', NULL, '2026-02-23 22:40:18'),
(74, 1, '', NULL, '2026-02-23 22:44:27'),
(75, 2, '', NULL, '2026-02-23 22:44:29'),
(76, 3, '', NULL, '2026-02-23 22:44:30'),
(77, 1, '', NULL, '2026-02-23 23:20:51'),
(78, 1, '', NULL, '2026-02-23 23:23:59'),
(79, 2, '', NULL, '2026-02-23 23:26:30'),
(80, 1, '', NULL, '2026-02-23 23:27:14'),
(81, 2, '', NULL, '2026-02-23 23:27:15'),
(82, 1, '', NULL, '2026-02-23 23:30:08'),
(83, 2, '', NULL, '2026-02-23 23:37:29'),
(84, 1, '', NULL, '2026-02-23 23:38:50'),
(85, 2, '', NULL, '2026-02-23 23:39:07'),
(86, 6, '', NULL, '2026-02-23 23:47:14'),
(87, 2, '', NULL, '2026-02-24 02:11:03'),
(88, 1, 'example', 'cashier', '2026-02-24 02:39:25'),
(89, 8, 'example', 'cashier', '2026-02-24 03:38:44'),
(90, 3, 'rose ann', 'cashier', '2026-02-24 09:02:24'),
(91, 7, 'rose ann', 'cashier', '2026-02-24 09:06:24'),
(92, 3, 'sadada', 'cashier', '2026-02-24 12:21:28'),
(93, 4, 'asdada', 'cashier', '2026-02-24 13:03:12'),
(94, 5, 'sada', 'cashier', '2026-02-24 13:24:30'),
(95, 6, 'asdad', 'cashier', '2026-02-25 00:33:39'),
(96, 1, 'asdada', 'cashier', '2026-02-25 01:53:48'),
(97, 1, 'adad', 'cashier', '2026-02-25 01:54:46'),
(98, 2, 'asdada', 'cashier', '2026-02-25 01:54:48'),
(99, 3, 'asdadaa', 'cashier', '2026-02-25 01:54:50'),
(100, 4, 'asdad', 'cashier', '2026-02-25 01:55:14'),
(101, 1, 'sample', 'cashier', '2026-02-25 08:03:55'),
(102, 2, 's', 'cashier', '2026-02-25 08:04:00'),
(103, 3, 's', 'cashier', '2026-02-25 08:04:05');

-- --------------------------------------------------------

--
-- Table structure for table `orders`
--

CREATE TABLE `orders` (
  `order_id` int(11) NOT NULL,
  `rental_id` int(11) NOT NULL,
  `ordered_at` timestamp NOT NULL DEFAULT current_timestamp(),
  `status` enum('NEW','PREPARING','READY','READY_TO_DELIVER','DELIVERING','DELIVERED') NOT NULL DEFAULT 'NEW',
  `amount_tendered` decimal(10,2) DEFAULT NULL,
  `change_amount` decimal(10,2) DEFAULT NULL,
  `prepared_by` int(11) DEFAULT NULL,
  `prepared_at` datetime DEFAULT NULL,
  `assigned_staff_id` int(11) DEFAULT NULL,
  `assigned_at` datetime DEFAULT NULL,
  `is_paid` tinyint(1) NOT NULL DEFAULT 0
) ENGINE=InnoDB DEFAULT CHARSET=utf8mb4 COLLATE=utf8mb4_general_ci;

--
-- Dumping data for table `orders`
--

INSERT INTO `orders` (`order_id`, `rental_id`, `ordered_at`, `status`, `amount_tendered`, `change_amount`, `prepared_by`, `prepared_at`, `assigned_staff_id`, `assigned_at`, `is_paid`) VALUES
(1, 5, '2026-01-31 23:03:16', 'DELIVERED', NULL, NULL, NULL, '2026-02-02 08:06:14', 3, '2026-02-02 07:57:39', 0),
(2, 5, '2026-01-31 23:03:26', 'DELIVERED', NULL, NULL, NULL, '2026-02-02 07:52:43', 3, '2026-02-02 07:52:30', 0),
(3, 8, '2026-02-01 04:52:00', 'DELIVERED', NULL, NULL, NULL, '2026-02-02 07:45:09', 3, '2026-02-02 07:45:05', 0),
(4, 11, '2026-02-01 06:37:37', 'DELIVERED', NULL, NULL, NULL, '2026-02-02 07:45:01', 3, '2026-02-02 07:41:38', 0),
(5, 11, '2026-02-01 06:40:11', 'DELIVERED', NULL, NULL, NULL, '2026-02-02 08:06:42', 3, '2026-02-02 08:06:36', 0),
(6, 11, '2026-02-01 06:56:30', 'DELIVERED', NULL, NULL, NULL, '2026-02-02 07:54:33', 3, '2026-02-02 07:54:06', 0),
(7, 23, '2026-02-01 23:25:34', 'DELIVERED', NULL, NULL, NULL, '2026-02-02 08:06:53', 3, '2026-02-02 08:06:47', 0),
(8, 29, '2026-02-02 03:42:55', 'DELIVERED', NULL, NULL, NULL, '2026-02-02 11:44:09', 3, '2026-02-02 11:43:45', 0),
(9, 34, '2026-02-02 11:17:25', 'DELIVERED', NULL, NULL, NULL, '2026-02-02 19:38:00', 3, '2026-02-02 19:37:54', 0),
(10, 34, '2026-02-02 11:38:31', 'DELIVERED', NULL, NULL, NULL, '2026-02-02 19:44:13', 3, '2026-02-02 19:43:47', 0),
(11, 34, '2026-02-02 11:44:33', 'DELIVERED', NULL, NULL, NULL, '2026-02-02 20:59:44', 3, '2026-02-02 20:59:35', 0),
(12, 34, '2026-02-02 11:48:02', 'DELIVERED', NULL, NULL, NULL, '2026-02-02 20:59:32', 3, '2026-02-02 20:59:25', 0),
(14, 61, '2026-02-23 13:40:28', 'DELIVERED', NULL, NULL, NULL, '2026-02-23 21:41:16', NULL, NULL, 0),
(15, 94, '2026-02-24 16:53:19', 'NEW', NULL, NULL, NULL, NULL, NULL, NULL, 1),
(16, 94, '2026-02-24 16:53:20', 'NEW', NULL, NULL, NULL, NULL, NULL, NULL, 1),
(17, 94, '2026-02-24 16:56:46', 'NEW', NULL, NULL, NULL, NULL, NULL, NULL, 1),
(18, 94, '2026-02-24 16:56:47', 'NEW', NULL, NULL, NULL, NULL, NULL, NULL, 1),
(19, 94, '2026-02-24 16:56:48', 'NEW', NULL, NULL, NULL, NULL, NULL, NULL, 1),
(20, 94, '2026-02-24 16:56:51', 'NEW', NULL, NULL, NULL, NULL, NULL, NULL, 1),
(21, 94, '2026-02-24 16:56:52', 'NEW', NULL, NULL, NULL, NULL, NULL, NULL, 1),
(22, 94, '2026-02-24 16:56:53', 'NEW', NULL, NULL, NULL, NULL, NULL, NULL, 1),
(23, 94, '2026-02-24 16:56:55', 'NEW', NULL, NULL, NULL, NULL, NULL, NULL, 1),
(24, 94, '2026-02-24 16:56:56', 'NEW', NULL, NULL, NULL, NULL, NULL, NULL, 1),
(25, 94, '2026-02-24 16:56:57', 'NEW', NULL, NULL, NULL, NULL, NULL, NULL, 1),
(26, 94, '2026-02-24 16:59:22', 'NEW', NULL, NULL, NULL, NULL, NULL, NULL, 1),
(27, 94, '2026-02-24 16:59:24', 'NEW', NULL, NULL, NULL, NULL, NULL, NULL, 1),
(28, 94, '2026-02-24 17:01:09', 'NEW', NULL, NULL, NULL, NULL, NULL, NULL, 1),
(29, 94, '2026-02-24 17:01:10', 'NEW', NULL, NULL, NULL, NULL, NULL, NULL, 1),
(30, 94, '2026-02-24 17:01:13', 'NEW', NULL, NULL, NULL, NULL, NULL, NULL, 1),
(31, 94, '2026-02-24 17:01:15', 'NEW', NULL, NULL, NULL, NULL, NULL, NULL, 1),
(32, 94, '2026-02-24 17:01:25', 'NEW', NULL, NULL, NULL, NULL, NULL, NULL, 1),
(33, 94, '2026-02-24 17:01:52', 'NEW', NULL, NULL, NULL, NULL, NULL, NULL, 1),
(34, 94, '2026-02-24 17:04:46', 'NEW', NULL, NULL, NULL, NULL, NULL, NULL, 1),
(35, 94, '2026-02-24 17:08:34', 'NEW', NULL, NULL, NULL, NULL, NULL, NULL, 1),
(36, 94, '2026-02-24 17:08:40', 'NEW', NULL, NULL, NULL, NULL, NULL, NULL, 1),
(37, 94, '2026-02-24 17:08:46', 'NEW', NULL, NULL, NULL, NULL, NULL, NULL, 1),
(38, 94, '2026-02-24 21:48:06', 'NEW', NULL, NULL, NULL, NULL, NULL, NULL, 1),
(39, 94, '2026-02-24 21:48:09', 'NEW', NULL, NULL, NULL, NULL, NULL, NULL, 1),
(40, 94, '2026-02-24 21:48:11', 'NEW', NULL, NULL, NULL, NULL, NULL, NULL, 1),
(41, 94, '2026-02-24 21:48:13', 'NEW', NULL, NULL, NULL, NULL, NULL, NULL, 1),
(42, 94, '2026-02-24 22:50:41', 'NEW', NULL, NULL, NULL, NULL, NULL, NULL, 1),
(43, 94, '2026-02-24 22:50:52', 'NEW', NULL, NULL, NULL, NULL, NULL, NULL, 1),
(44, 94, '2026-02-24 22:51:27', 'NEW', NULL, NULL, NULL, NULL, NULL, NULL, 1),
(45, 94, '2026-02-24 22:51:31', 'NEW', NULL, NULL, NULL, NULL, NULL, NULL, 1),
(46, 94, '2026-02-24 22:58:37', 'NEW', NULL, NULL, NULL, NULL, NULL, NULL, 1),
(47, 94, '2026-02-24 22:58:41', 'NEW', NULL, NULL, NULL, NULL, NULL, NULL, 1),
(48, 94, '2026-02-24 22:58:44', 'NEW', NULL, NULL, NULL, NULL, NULL, NULL, 1),
(49, 94, '2026-02-24 22:58:47', 'NEW', NULL, NULL, NULL, NULL, NULL, NULL, 1),
(50, 94, '2026-02-24 22:58:51', 'NEW', NULL, NULL, NULL, NULL, NULL, NULL, 1),
(51, 94, '2026-02-24 23:00:37', 'NEW', NULL, NULL, NULL, NULL, NULL, NULL, 1),
(52, 94, '2026-02-24 23:01:21', 'NEW', NULL, NULL, NULL, NULL, NULL, NULL, 1),
(53, 94, '2026-02-24 23:01:24', 'NEW', NULL, NULL, NULL, NULL, NULL, NULL, 1),
(54, 94, '2026-02-24 23:01:46', 'NEW', NULL, NULL, NULL, NULL, NULL, NULL, 1),
(55, 94, '2026-02-24 23:03:20', 'DELIVERED', NULL, NULL, NULL, '2026-02-25 07:07:24', NULL, NULL, 1),
(56, 94, '2026-02-24 23:03:23', 'DELIVERED', NULL, NULL, NULL, '2026-02-25 07:07:26', NULL, NULL, 1),
(57, 94, '2026-02-24 23:03:27', 'DELIVERED', NULL, NULL, NULL, '2026-02-25 07:07:29', NULL, NULL, 1),
(58, 94, '2026-02-24 23:03:28', 'DELIVERED', NULL, NULL, NULL, '2026-02-25 07:07:30', NULL, NULL, 1),
(59, 94, '2026-02-24 23:03:30', 'DELIVERED', NULL, NULL, NULL, '2026-02-25 07:07:32', NULL, NULL, 1),
(60, 94, '2026-02-24 23:04:11', 'DELIVERED', NULL, NULL, NULL, '2026-02-25 07:07:33', NULL, NULL, 1),
(61, 94, '2026-02-24 23:04:26', 'DELIVERED', NULL, NULL, NULL, '2026-02-25 07:07:35', NULL, NULL, 1),
(62, 94, '2026-02-24 23:04:41', 'DELIVERED', NULL, NULL, NULL, '2026-02-25 07:07:36', NULL, NULL, 1),
(63, 94, '2026-02-24 23:05:13', 'DELIVERED', NULL, NULL, NULL, '2026-02-25 07:07:38', NULL, NULL, 1),
(64, 94, '2026-02-24 23:05:15', 'DELIVERED', NULL, NULL, NULL, '2026-02-25 07:07:39', NULL, NULL, 1),
(65, 94, '2026-02-24 23:05:17', 'DELIVERED', NULL, NULL, NULL, '2026-02-25 07:07:41', NULL, NULL, 1),
(66, 94, '2026-02-24 23:05:18', 'DELIVERED', NULL, NULL, NULL, '2026-02-25 07:07:43', NULL, NULL, 1),
(67, 94, '2026-02-24 23:05:23', 'DELIVERED', NULL, NULL, NULL, '2026-02-25 07:07:45', NULL, NULL, 1),
(68, 94, '2026-02-24 23:05:25', 'DELIVERED', NULL, NULL, NULL, '2026-02-25 07:07:46', NULL, NULL, 1),
(69, 94, '2026-02-24 23:05:59', 'DELIVERED', NULL, NULL, NULL, '2026-02-25 07:07:48', NULL, NULL, 1),
(70, 94, '2026-02-24 23:06:19', 'DELIVERED', NULL, NULL, NULL, '2026-02-25 07:07:50', NULL, NULL, 1),
(71, 94, '2026-02-24 23:06:33', 'DELIVERED', NULL, NULL, NULL, '2026-02-25 07:07:51', NULL, NULL, 1),
(72, 94, '2026-02-24 23:14:06', 'NEW', NULL, NULL, NULL, NULL, NULL, NULL, 1),
(73, 94, '2026-02-24 23:14:15', 'NEW', NULL, NULL, NULL, NULL, NULL, NULL, 1),
(74, 94, '2026-02-24 23:14:18', 'NEW', NULL, NULL, NULL, NULL, NULL, NULL, 1),
(75, 94, '2026-02-24 23:14:30', 'NEW', NULL, NULL, NULL, NULL, NULL, NULL, 1),
(76, 94, '2026-02-24 23:14:41', 'NEW', NULL, NULL, NULL, NULL, NULL, NULL, 1),
(77, 94, '2026-02-24 23:14:55', 'NEW', NULL, NULL, NULL, NULL, NULL, NULL, 1),
(78, 94, '2026-02-24 23:15:55', 'NEW', NULL, NULL, NULL, NULL, NULL, NULL, 1),
(79, 94, '2026-02-24 23:16:00', 'NEW', NULL, NULL, NULL, NULL, NULL, NULL, 1),
(80, 94, '2026-02-24 23:16:03', 'NEW', NULL, NULL, NULL, NULL, NULL, NULL, 1),
(81, 94, '2026-02-24 23:16:24', 'PREPARING', NULL, NULL, NULL, '2026-02-25 07:19:22', NULL, NULL, 1),
(82, 94, '2026-02-24 23:16:28', 'NEW', NULL, NULL, NULL, NULL, NULL, NULL, 1),
(83, 94, '2026-02-24 23:16:33', 'NEW', NULL, NULL, NULL, NULL, NULL, NULL, 1),
(84, 94, '2026-02-24 23:16:35', 'NEW', NULL, NULL, NULL, NULL, NULL, NULL, 1),
(85, 94, '2026-02-24 23:16:37', 'PREPARING', NULL, NULL, NULL, '2026-02-25 07:17:17', NULL, NULL, 1),
(86, 94, '2026-02-24 23:26:40', 'NEW', NULL, NULL, NULL, NULL, NULL, NULL, 1),
(87, 94, '2026-02-24 23:26:42', 'NEW', NULL, NULL, NULL, NULL, NULL, NULL, 1),
(88, 95, '2026-02-24 23:34:57', 'NEW', NULL, NULL, NULL, NULL, NULL, NULL, 0),
(89, 95, '2026-02-24 23:34:58', 'NEW', NULL, NULL, NULL, NULL, NULL, NULL, 0),
(90, 95, '2026-02-24 23:35:00', 'NEW', NULL, NULL, NULL, NULL, NULL, NULL, 0),
(91, 95, '2026-02-24 23:35:03', 'NEW', NULL, NULL, NULL, NULL, NULL, NULL, 0),
(92, 95, '2026-02-24 23:35:05', 'NEW', NULL, NULL, NULL, NULL, NULL, NULL, 0),
(93, 95, '2026-02-24 23:35:06', 'NEW', NULL, NULL, NULL, NULL, NULL, NULL, 0),
(94, 95, '2026-02-24 23:35:08', 'NEW', NULL, NULL, NULL, NULL, NULL, NULL, 0),
(95, 95, '2026-02-24 23:35:09', 'NEW', NULL, NULL, NULL, NULL, NULL, NULL, 0),
(96, 76, '2026-02-25 01:54:22', 'NEW', NULL, NULL, NULL, NULL, NULL, NULL, 1),
(97, 76, '2026-02-25 01:54:23', 'NEW', NULL, NULL, NULL, NULL, NULL, NULL, 1),
(98, 76, '2026-02-25 01:54:24', 'NEW', NULL, NULL, NULL, NULL, NULL, NULL, 1),
(99, 76, '2026-02-25 01:54:25', 'NEW', NULL, NULL, NULL, NULL, NULL, NULL, 1),
(100, 76, '2026-02-25 01:54:26', 'NEW', NULL, NULL, NULL, NULL, NULL, NULL, 1),
(101, 109, '2026-02-25 08:06:10', 'NEW', NULL, NULL, NULL, NULL, NULL, NULL, 0);

-- --------------------------------------------------------

--
-- Table structure for table `order_audit`
--

CREATE TABLE `order_audit` (
  `audit_id` int(11) NOT NULL,
  `order_id` int(11) NOT NULL,
  `action` varchar(64) NOT NULL,
  `user_id` int(11) DEFAULT NULL,
  `role_id` int(11) DEFAULT NULL,
  `meta` text DEFAULT NULL,
  `created_at` datetime NOT NULL DEFAULT current_timestamp()
) ENGINE=InnoDB DEFAULT CHARSET=utf8mb4 COLLATE=utf8mb4_general_ci;

--
-- Dumping data for table `order_audit`
--

INSERT INTO `order_audit` (`audit_id`, `order_id`, `action`, `user_id`, `role_id`, `meta`, `created_at`) VALUES
(1, 1, 'CREATED', 6, 4, '{\"order_total\":110,\"items_count\":3}', '2026-02-01 07:03:16'),
(2, 2, 'CREATED', 6, 4, '{\"order_total\":70,\"items_count\":1}', '2026-02-01 07:03:26'),
(3, 3, 'CREATED', 8, 4, '{\"order_total\":70,\"items_count\":2}', '2026-02-01 12:52:00'),
(4, 4, 'CREATED', 6, 4, '{\"order_total\":180,\"items_count\":3}', '2026-02-01 14:37:37'),
(5, 5, 'CREATED', 6, 4, '{\"order_total\":180,\"items_count\":3}', '2026-02-01 14:40:11'),
(6, 6, 'CREATED', 6, 4, '{\"order_total\":230,\"items_count\":4}', '2026-02-01 14:56:30'),
(7, 7, 'CREATED', 6, 4, '{\"order_total\":110,\"items_count\":2}', '2026-02-02 07:25:34'),
(8, 4, 'CLAIMED', 3, 2, '{\"action\":\"CLAIM\",\"assigned_to\":3}', '2026-02-02 07:41:38'),
(9, 4, 'STATUS_CHANGE', 3, 2, '{\"from\":\"PREPARING\",\"to\":\"READY\"}', '2026-02-02 07:42:23'),
(10, 4, 'STATUS_CHANGE', 3, 2, '{\"from\":\"READY\",\"to\":\"DELIVERED\"}', '2026-02-02 07:45:01'),
(11, 3, 'CLAIMED', 3, 2, '{\"action\":\"CLAIM\",\"assigned_to\":3}', '2026-02-02 07:45:05'),
(12, 3, 'STATUS_CHANGE', 3, 2, '{\"from\":\"PREPARING\",\"to\":\"READY\"}', '2026-02-02 07:45:07'),
(13, 3, 'STATUS_CHANGE', 3, 2, '{\"from\":\"READY\",\"to\":\"DELIVERED\"}', '2026-02-02 07:45:09'),
(14, 2, 'CLAIMED', 3, 2, '{\"action\":\"CLAIM\",\"assigned_to\":3}', '2026-02-02 07:52:30'),
(15, 2, 'STATUS_CHANGE', 3, 2, '{\"from\":\"PREPARING\",\"to\":\"READY\"}', '2026-02-02 07:52:35'),
(16, 2, 'STATUS_CHANGE', 3, 2, '{\"from\":\"READY\",\"to\":\"DELIVERED\"}', '2026-02-02 07:52:43'),
(17, 6, 'CLAIMED', 3, 2, '{\"action\":\"CLAIM\",\"assigned_to\":3}', '2026-02-02 07:54:06'),
(18, 6, 'STATUS_CHANGE', 3, 2, '{\"from\":\"PREPARING\",\"to\":\"READY\"}', '2026-02-02 07:54:09'),
(19, 6, 'STATUS_CHANGE', 3, 2, '{\"from\":\"READY\",\"to\":\"DELIVERED\"}', '2026-02-02 07:54:33'),
(20, 1, 'CLAIMED', 3, 2, '{\"action\":\"CLAIM\",\"assigned_to\":3}', '2026-02-02 07:57:39'),
(21, 1, 'STATUS_CHANGE', 3, 2, '{\"from\":\"PREPARING\",\"to\":\"READY\"}', '2026-02-02 08:06:08'),
(22, 1, 'STATUS_CHANGE', 3, 2, '{\"from\":\"READY\",\"to\":\"DELIVERED\"}', '2026-02-02 08:06:14'),
(23, 5, 'CLAIMED', 3, 2, '{\"action\":\"CLAIM\",\"assigned_to\":3}', '2026-02-02 08:06:36'),
(24, 5, 'STATUS_CHANGE', 3, 2, '{\"from\":\"PREPARING\",\"to\":\"READY\"}', '2026-02-02 08:06:38'),
(25, 5, 'STATUS_CHANGE', 3, 2, '{\"from\":\"READY\",\"to\":\"DELIVERED\"}', '2026-02-02 08:06:42'),
(26, 7, 'CLAIMED', 3, 2, '{\"action\":\"CLAIM\",\"assigned_to\":3}', '2026-02-02 08:06:47'),
(27, 7, 'STATUS_CHANGE', 3, 2, '{\"from\":\"PREPARING\",\"to\":\"READY\"}', '2026-02-02 08:06:50'),
(28, 7, 'STATUS_CHANGE', 3, 2, '{\"from\":\"READY\",\"to\":\"DELIVERED\"}', '2026-02-02 08:06:53'),
(29, 8, 'CREATED', 6, 4, '{\"order_total\":60,\"items_count\":1}', '2026-02-02 11:42:55'),
(30, 8, 'CLAIMED', 3, 2, '{\"action\":\"CLAIM\",\"assigned_to\":3}', '2026-02-02 11:43:45'),
(31, 8, 'STATUS_CHANGE', 3, 2, '{\"from\":\"PREPARING\",\"to\":\"READY\"}', '2026-02-02 11:44:01'),
(32, 8, 'STATUS_CHANGE', 3, 2, '{\"from\":\"READY\",\"to\":\"DELIVERED\"}', '2026-02-02 11:44:09'),
(33, 9, 'CREATED', 6, 4, '{\"order_total\":20,\"items_count\":1}', '2026-02-02 19:17:25'),
(34, 9, 'CLAIMED', 3, 2, '{\"action\":\"CLAIM\",\"assigned_to\":3}', '2026-02-02 19:37:54'),
(35, 9, 'STATUS_CHANGE', 3, 2, '{\"from\":\"PREPARING\",\"to\":\"READY\"}', '2026-02-02 19:37:57'),
(36, 9, 'STATUS_CHANGE', 3, 2, '{\"from\":\"READY\",\"to\":\"DELIVERED\"}', '2026-02-02 19:38:00'),
(37, 10, 'CREATED', 6, 4, '{\"order_total\":130,\"items_count\":2}', '2026-02-02 19:38:31'),
(38, 10, 'CLAIMED', 3, 2, '{\"action\":\"CLAIM\",\"assigned_to\":3}', '2026-02-02 19:43:47'),
(39, 10, 'STATUS_CHANGE', 3, 2, '{\"from\":\"PREPARING\",\"to\":\"READY\"}', '2026-02-02 19:44:05'),
(40, 10, 'STATUS_CHANGE', 3, 2, '{\"from\":\"READY\",\"to\":\"DELIVERED\"}', '2026-02-02 19:44:13'),
(41, 11, 'CREATED', 6, 4, '{\"order_total\":100,\"items_count\":1}', '2026-02-02 19:44:33'),
(42, 12, 'CREATED', 6, 4, '{\"order_total\":35,\"items_count\":1}', '2026-02-02 19:48:02'),
(43, 12, 'CLAIMED', 3, 2, '{\"action\":\"CLAIM\",\"assigned_to\":3}', '2026-02-02 20:59:25'),
(44, 12, 'STATUS_CHANGE', 3, 2, '{\"from\":\"PREPARING\",\"to\":\"READY\"}', '2026-02-02 20:59:28'),
(45, 12, 'STATUS_CHANGE', 3, 2, '{\"from\":\"READY\",\"to\":\"DELIVERED\"}', '2026-02-02 20:59:32'),
(46, 11, 'CLAIMED', 3, 2, '{\"action\":\"CLAIM\",\"assigned_to\":3}', '2026-02-02 20:59:35'),
(47, 11, 'STATUS_CHANGE', 3, 2, '{\"from\":\"PREPARING\",\"to\":\"READY\"}', '2026-02-02 20:59:39'),
(48, 11, 'STATUS_CHANGE', 3, 2, '{\"from\":\"READY\",\"to\":\"DELIVERED\"}', '2026-02-02 20:59:44'),
(50, 14, 'CREATED', NULL, 4, '{\"order_total\":35,\"items_count\":1,\"payment_method\":\"CASH\"}', '2026-02-23 21:40:28'),
(51, 14, 'STATUS_CHANGE', 4, 3, '{\"to\":\"PREPARING\"}', '2026-02-23 21:40:49'),
(52, 14, 'STATUS_CHANGE', 4, 3, '{\"to\":\"READY_TO_DELIVER\"}', '2026-02-23 21:40:54'),
(53, 14, 'STATUS_CHANGE', 4, 3, '{\"to\":\"DELIVERING\"}', '2026-02-23 21:41:02'),
(54, 14, 'STATUS_CHANGE', 4, 3, '{\"to\":\"DELIVERED\"}', '2026-02-23 21:41:16'),
(55, 15, 'CREATED', 4, 3, '{\"order_total\":35,\"items_count\":1}', '2026-02-25 00:53:19'),
(56, 16, 'CREATED', 4, 3, '{\"order_total\":35,\"items_count\":1}', '2026-02-25 00:53:20'),
(57, 17, 'CREATED', 4, 3, '{\"order_total\":150,\"items_count\":1}', '2026-02-25 00:56:46'),
(58, 18, 'CREATED', 4, 3, '{\"order_total\":150,\"items_count\":1}', '2026-02-25 00:56:47'),
(59, 19, 'CREATED', 4, 3, '{\"order_total\":150,\"items_count\":1}', '2026-02-25 00:56:48'),
(60, 20, 'CREATED', 4, 3, '{\"order_total\":150,\"items_count\":1}', '2026-02-25 00:56:51'),
(61, 21, 'CREATED', 4, 3, '{\"order_total\":150,\"items_count\":1}', '2026-02-25 00:56:52'),
(62, 22, 'CREATED', 4, 3, '{\"order_total\":150,\"items_count\":1}', '2026-02-25 00:56:53'),
(63, 23, 'CREATED', 4, 3, '{\"order_total\":150,\"items_count\":1}', '2026-02-25 00:56:55'),
(64, 24, 'CREATED', 4, 3, '{\"order_total\":150,\"items_count\":1}', '2026-02-25 00:56:56'),
(65, 25, 'CREATED', 4, 3, '{\"order_total\":150,\"items_count\":1}', '2026-02-25 00:56:57'),
(66, 26, 'CREATED', 4, 3, '{\"order_total\":150,\"items_count\":1}', '2026-02-25 00:59:22'),
(67, 27, 'CREATED', 4, 3, '{\"order_total\":150,\"items_count\":1}', '2026-02-25 00:59:24'),
(68, 28, 'CREATED', 4, 3, '{\"order_total\":150,\"items_count\":1}', '2026-02-25 01:01:09'),
(69, 29, 'CREATED', 4, 3, '{\"order_total\":150,\"items_count\":1}', '2026-02-25 01:01:10'),
(70, 30, 'CREATED', 4, 3, '{\"order_total\":26,\"items_count\":1}', '2026-02-25 01:01:13'),
(71, 31, 'CREATED', 4, 3, '{\"order_total\":26,\"items_count\":1}', '2026-02-25 01:01:15'),
(72, 32, 'CREATED', 4, 3, '{\"order_total\":26,\"items_count\":1}', '2026-02-25 01:01:25'),
(73, 33, 'CREATED', 4, 3, '{\"order_total\":35,\"items_count\":1}', '2026-02-25 01:01:52'),
(74, 34, 'CREATED', 4, 3, '{\"order_total\":26,\"items_count\":1}', '2026-02-25 01:04:46'),
(75, 35, 'CREATED', 4, 3, '{\"order_total\":26,\"items_count\":1}', '2026-02-25 01:08:34'),
(76, 36, 'CREATED', 4, 3, '{\"order_total\":25,\"items_count\":1}', '2026-02-25 01:08:40'),
(77, 37, 'CREATED', 4, 3, '{\"order_total\":30,\"items_count\":1}', '2026-02-25 01:08:46'),
(78, 38, 'CREATED', 4, 3, '{\"order_total\":150,\"items_count\":1}', '2026-02-25 05:48:06'),
(79, 39, 'CREATED', 4, 3, '{\"order_total\":26,\"items_count\":1}', '2026-02-25 05:48:09'),
(80, 40, 'CREATED', 4, 3, '{\"order_total\":35,\"items_count\":1}', '2026-02-25 05:48:11'),
(81, 41, 'CREATED', 4, 3, '{\"order_total\":35,\"items_count\":1}', '2026-02-25 05:48:13'),
(82, 42, 'CREATED', 4, 3, '{\"order_total\":35,\"items_count\":1}', '2026-02-25 06:50:41'),
(83, 43, 'CREATED', 4, 3, '{\"order_total\":25,\"items_count\":1}', '2026-02-25 06:50:52'),
(84, 44, 'CREATED', 4, 3, '{\"order_total\":40,\"items_count\":1}', '2026-02-25 06:51:27'),
(85, 45, 'CREATED', 4, 3, '{\"order_total\":40,\"items_count\":1}', '2026-02-25 06:51:31'),
(86, 46, 'CREATED', 4, 3, '{\"order_total\":25,\"items_count\":1}', '2026-02-25 06:58:37'),
(87, 47, 'CREATED', 4, 3, '{\"order_total\":26,\"items_count\":1}', '2026-02-25 06:58:41'),
(88, 48, 'CREATED', 4, 3, '{\"order_total\":150,\"items_count\":1}', '2026-02-25 06:58:44'),
(89, 49, 'CREATED', 4, 3, '{\"order_total\":35,\"items_count\":1}', '2026-02-25 06:58:47'),
(90, 50, 'CREATED', 4, 3, '{\"order_total\":30,\"items_count\":1}', '2026-02-25 06:58:51'),
(91, 51, 'CREATED', 4, 3, '{\"order_total\":40,\"items_count\":1}', '2026-02-25 07:00:37'),
(92, 52, 'CREATED', 4, 3, '{\"order_total\":150,\"items_count\":1}', '2026-02-25 07:01:21'),
(93, 53, 'CREATED', 4, 3, '{\"order_total\":25,\"items_count\":1}', '2026-02-25 07:01:24'),
(94, 54, 'CREATED', 4, 3, '{\"order_total\":40,\"items_count\":1}', '2026-02-25 07:01:46'),
(95, 55, 'CREATED', 4, 3, '{\"order_total\":35,\"items_count\":1}', '2026-02-25 07:03:20'),
(96, 56, 'CREATED', 4, 3, '{\"order_total\":35,\"items_count\":1}', '2026-02-25 07:03:23'),
(97, 57, 'CREATED', 4, 3, '{\"order_total\":35,\"items_count\":1}', '2026-02-25 07:03:27'),
(98, 58, 'CREATED', 4, 3, '{\"order_total\":35,\"items_count\":1}', '2026-02-25 07:03:28'),
(99, 59, 'CREATED', 4, 3, '{\"order_total\":35,\"items_count\":1}', '2026-02-25 07:03:30'),
(100, 60, 'CREATED', 4, 3, '{\"order_total\":20,\"items_count\":1}', '2026-02-25 07:04:11'),
(101, 61, 'CREATED', 4, 3, '{\"order_total\":20,\"items_count\":1}', '2026-02-25 07:04:26'),
(102, 62, 'CREATED', 4, 3, '{\"order_total\":20,\"items_count\":1}', '2026-02-25 07:04:41'),
(103, 63, 'CREATED', 4, 3, '{\"order_total\":20,\"items_count\":1}', '2026-02-25 07:05:13'),
(104, 64, 'CREATED', 4, 3, '{\"order_total\":20,\"items_count\":1}', '2026-02-25 07:05:15'),
(105, 65, 'CREATED', 4, 3, '{\"order_total\":20,\"items_count\":1}', '2026-02-25 07:05:17'),
(106, 66, 'CREATED', 4, 3, '{\"order_total\":20,\"items_count\":1}', '2026-02-25 07:05:18'),
(107, 67, 'CREATED', 4, 3, '{\"order_total\":20,\"items_count\":1}', '2026-02-25 07:05:23'),
(108, 68, 'CREATED', 4, 3, '{\"order_total\":35,\"items_count\":1}', '2026-02-25 07:05:25'),
(109, 69, 'CREATED', 4, 3, '{\"order_total\":25,\"items_count\":1}', '2026-02-25 07:05:59'),
(110, 70, 'CREATED', 4, 3, '{\"order_total\":40,\"items_count\":1}', '2026-02-25 07:06:19'),
(111, 71, 'CREATED', 4, 3, '{\"order_total\":40,\"items_count\":1}', '2026-02-25 07:06:33'),
(112, 55, 'STATUS_CHANGE', 4, 3, '{\"to\":\"PREPARING\"}', '2026-02-25 07:07:17'),
(113, 55, 'STATUS_CHANGE', 4, 3, '{\"to\":\"READY_TO_DELIVER\"}', '2026-02-25 07:07:21'),
(114, 55, 'STATUS_CHANGE', 4, 3, '{\"to\":\"DELIVERING\"}', '2026-02-25 07:07:23'),
(115, 55, 'STATUS_CHANGE', 4, 3, '{\"to\":\"DELIVERED\"}', '2026-02-25 07:07:24'),
(116, 56, 'STATUS_CHANGE', 4, 3, '{\"to\":\"PREPARING\"}', '2026-02-25 07:07:25'),
(117, 56, 'STATUS_CHANGE', 4, 3, '{\"to\":\"READY_TO_DELIVER\"}', '2026-02-25 07:07:25'),
(118, 56, 'STATUS_CHANGE', 4, 3, '{\"to\":\"DELIVERING\"}', '2026-02-25 07:07:26'),
(119, 56, 'STATUS_CHANGE', 4, 3, '{\"to\":\"DELIVERED\"}', '2026-02-25 07:07:26'),
(120, 57, 'STATUS_CHANGE', 4, 3, '{\"to\":\"PREPARING\"}', '2026-02-25 07:07:27'),
(121, 57, 'STATUS_CHANGE', 4, 3, '{\"to\":\"READY_TO_DELIVER\"}', '2026-02-25 07:07:28'),
(122, 57, 'STATUS_CHANGE', 4, 3, '{\"to\":\"DELIVERING\"}', '2026-02-25 07:07:28'),
(123, 57, 'STATUS_CHANGE', 4, 3, '{\"to\":\"DELIVERED\"}', '2026-02-25 07:07:29'),
(124, 58, 'STATUS_CHANGE', 4, 3, '{\"to\":\"PREPARING\"}', '2026-02-25 07:07:29'),
(125, 58, 'STATUS_CHANGE', 4, 3, '{\"to\":\"READY_TO_DELIVER\"}', '2026-02-25 07:07:29'),
(126, 58, 'STATUS_CHANGE', 4, 3, '{\"to\":\"DELIVERING\"}', '2026-02-25 07:07:30'),
(127, 58, 'STATUS_CHANGE', 4, 3, '{\"to\":\"DELIVERED\"}', '2026-02-25 07:07:30'),
(128, 59, 'STATUS_CHANGE', 4, 3, '{\"to\":\"PREPARING\"}', '2026-02-25 07:07:30'),
(129, 59, 'STATUS_CHANGE', 4, 3, '{\"to\":\"READY_TO_DELIVER\"}', '2026-02-25 07:07:31'),
(130, 59, 'STATUS_CHANGE', 4, 3, '{\"to\":\"DELIVERING\"}', '2026-02-25 07:07:31'),
(131, 59, 'STATUS_CHANGE', 4, 3, '{\"to\":\"DELIVERED\"}', '2026-02-25 07:07:32'),
(132, 60, 'STATUS_CHANGE', 4, 3, '{\"to\":\"PREPARING\"}', '2026-02-25 07:07:32'),
(133, 60, 'STATUS_CHANGE', 4, 3, '{\"to\":\"READY_TO_DELIVER\"}', '2026-02-25 07:07:32'),
(134, 60, 'STATUS_CHANGE', 4, 3, '{\"to\":\"DELIVERING\"}', '2026-02-25 07:07:33'),
(135, 60, 'STATUS_CHANGE', 4, 3, '{\"to\":\"DELIVERED\"}', '2026-02-25 07:07:33'),
(136, 61, 'STATUS_CHANGE', 4, 3, '{\"to\":\"PREPARING\"}', '2026-02-25 07:07:33'),
(137, 61, 'STATUS_CHANGE', 4, 3, '{\"to\":\"READY_TO_DELIVER\"}', '2026-02-25 07:07:34'),
(138, 61, 'STATUS_CHANGE', 4, 3, '{\"to\":\"DELIVERING\"}', '2026-02-25 07:07:34'),
(139, 61, 'STATUS_CHANGE', 4, 3, '{\"to\":\"DELIVERED\"}', '2026-02-25 07:07:35'),
(140, 62, 'STATUS_CHANGE', 4, 3, '{\"to\":\"PREPARING\"}', '2026-02-25 07:07:35'),
(141, 62, 'STATUS_CHANGE', 4, 3, '{\"to\":\"READY_TO_DELIVER\"}', '2026-02-25 07:07:35'),
(142, 62, 'STATUS_CHANGE', 4, 3, '{\"to\":\"DELIVERING\"}', '2026-02-25 07:07:36'),
(143, 62, 'STATUS_CHANGE', 4, 3, '{\"to\":\"DELIVERED\"}', '2026-02-25 07:07:36'),
(144, 63, 'STATUS_CHANGE', 4, 3, '{\"to\":\"PREPARING\"}', '2026-02-25 07:07:37'),
(145, 63, 'STATUS_CHANGE', 4, 3, '{\"to\":\"READY_TO_DELIVER\"}', '2026-02-25 07:07:37'),
(146, 63, 'STATUS_CHANGE', 4, 3, '{\"to\":\"DELIVERING\"}', '2026-02-25 07:07:37'),
(147, 63, 'STATUS_CHANGE', 4, 3, '{\"to\":\"DELIVERED\"}', '2026-02-25 07:07:38'),
(148, 64, 'STATUS_CHANGE', 4, 3, '{\"to\":\"PREPARING\"}', '2026-02-25 07:07:38'),
(149, 64, 'STATUS_CHANGE', 4, 3, '{\"to\":\"READY_TO_DELIVER\"}', '2026-02-25 07:07:39'),
(150, 64, 'STATUS_CHANGE', 4, 3, '{\"to\":\"DELIVERING\"}', '2026-02-25 07:07:39'),
(151, 64, 'STATUS_CHANGE', 4, 3, '{\"to\":\"DELIVERED\"}', '2026-02-25 07:07:39'),
(152, 65, 'STATUS_CHANGE', 4, 3, '{\"to\":\"PREPARING\"}', '2026-02-25 07:07:40'),
(153, 65, 'STATUS_CHANGE', 4, 3, '{\"to\":\"READY_TO_DELIVER\"}', '2026-02-25 07:07:40'),
(154, 65, 'STATUS_CHANGE', 4, 3, '{\"to\":\"DELIVERING\"}', '2026-02-25 07:07:41'),
(155, 65, 'STATUS_CHANGE', 4, 3, '{\"to\":\"DELIVERED\"}', '2026-02-25 07:07:41'),
(156, 66, 'STATUS_CHANGE', 4, 3, '{\"to\":\"PREPARING\"}', '2026-02-25 07:07:42'),
(157, 66, 'STATUS_CHANGE', 4, 3, '{\"to\":\"READY_TO_DELIVER\"}', '2026-02-25 07:07:42'),
(158, 66, 'STATUS_CHANGE', 4, 3, '{\"to\":\"DELIVERING\"}', '2026-02-25 07:07:42'),
(159, 66, 'STATUS_CHANGE', 4, 3, '{\"to\":\"DELIVERED\"}', '2026-02-25 07:07:43'),
(160, 67, 'STATUS_CHANGE', 4, 3, '{\"to\":\"PREPARING\"}', '2026-02-25 07:07:43'),
(161, 67, 'STATUS_CHANGE', 4, 3, '{\"to\":\"READY_TO_DELIVER\"}', '2026-02-25 07:07:44'),
(162, 67, 'STATUS_CHANGE', 4, 3, '{\"to\":\"DELIVERING\"}', '2026-02-25 07:07:44'),
(163, 67, 'STATUS_CHANGE', 4, 3, '{\"to\":\"DELIVERED\"}', '2026-02-25 07:07:45'),
(164, 68, 'STATUS_CHANGE', 4, 3, '{\"to\":\"PREPARING\"}', '2026-02-25 07:07:45'),
(165, 68, 'STATUS_CHANGE', 4, 3, '{\"to\":\"READY_TO_DELIVER\"}', '2026-02-25 07:07:45'),
(166, 68, 'STATUS_CHANGE', 4, 3, '{\"to\":\"DELIVERING\"}', '2026-02-25 07:07:46'),
(167, 68, 'STATUS_CHANGE', 4, 3, '{\"to\":\"DELIVERED\"}', '2026-02-25 07:07:46'),
(168, 69, 'STATUS_CHANGE', 4, 3, '{\"to\":\"PREPARING\"}', '2026-02-25 07:07:47'),
(169, 69, 'STATUS_CHANGE', 4, 3, '{\"to\":\"READY_TO_DELIVER\"}', '2026-02-25 07:07:47'),
(170, 69, 'STATUS_CHANGE', 4, 3, '{\"to\":\"DELIVERING\"}', '2026-02-25 07:07:48'),
(171, 69, 'STATUS_CHANGE', 4, 3, '{\"to\":\"DELIVERED\"}', '2026-02-25 07:07:48'),
(172, 70, 'STATUS_CHANGE', 4, 3, '{\"to\":\"PREPARING\"}', '2026-02-25 07:07:48'),
(173, 70, 'STATUS_CHANGE', 4, 3, '{\"to\":\"READY_TO_DELIVER\"}', '2026-02-25 07:07:49'),
(174, 70, 'STATUS_CHANGE', 4, 3, '{\"to\":\"DELIVERING\"}', '2026-02-25 07:07:49'),
(175, 70, 'STATUS_CHANGE', 4, 3, '{\"to\":\"DELIVERED\"}', '2026-02-25 07:07:50'),
(176, 71, 'STATUS_CHANGE', 4, 3, '{\"to\":\"PREPARING\"}', '2026-02-25 07:07:50'),
(177, 71, 'STATUS_CHANGE', 4, 3, '{\"to\":\"READY_TO_DELIVER\"}', '2026-02-25 07:07:50'),
(178, 71, 'STATUS_CHANGE', 4, 3, '{\"to\":\"DELIVERING\"}', '2026-02-25 07:07:51'),
(179, 71, 'STATUS_CHANGE', 4, 3, '{\"to\":\"DELIVERED\"}', '2026-02-25 07:07:52'),
(180, 72, 'CREATED', 4, 3, '{\"order_total\":25,\"items_count\":1}', '2026-02-25 07:14:06'),
(181, 73, 'CREATED', 4, 3, '{\"order_total\":40,\"items_count\":1}', '2026-02-25 07:14:15'),
(182, 74, 'CREATED', 4, 3, '{\"order_total\":30,\"items_count\":1}', '2026-02-25 07:14:18'),
(183, 75, 'CREATED', 4, 3, '{\"order_total\":40,\"items_count\":1}', '2026-02-25 07:14:30'),
(184, 76, 'CREATED', 4, 3, '{\"order_total\":25,\"items_count\":1}', '2026-02-25 07:14:41'),
(185, 77, 'CREATED', 4, 3, '{\"order_total\":25,\"items_count\":1}', '2026-02-25 07:14:55'),
(186, 78, 'CREATED', 4, 3, '{\"order_total\":25,\"items_count\":1}', '2026-02-25 07:15:55'),
(187, 79, 'CREATED', 4, 3, '{\"order_total\":40,\"items_count\":1}', '2026-02-25 07:16:00'),
(188, 80, 'CREATED', 4, 3, '{\"order_total\":30,\"items_count\":1}', '2026-02-25 07:16:03'),
(189, 81, 'CREATED', 4, 3, '{\"order_total\":150,\"items_count\":1}', '2026-02-25 07:16:24'),
(190, 82, 'CREATED', 4, 3, '{\"order_total\":26,\"items_count\":1}', '2026-02-25 07:16:28'),
(191, 83, 'CREATED', 4, 3, '{\"order_total\":25,\"items_count\":1}', '2026-02-25 07:16:33'),
(192, 84, 'CREATED', 4, 3, '{\"order_total\":30,\"items_count\":1}', '2026-02-25 07:16:35'),
(193, 85, 'CREATED', 4, 3, '{\"order_total\":40,\"items_count\":1}', '2026-02-25 07:16:37'),
(194, 85, 'STATUS_CHANGE', 4, 3, '{\"to\":\"PREPARING\"}', '2026-02-25 07:17:17'),
(195, 81, 'STATUS_CHANGE', 4, 3, '{\"to\":\"PREPARING\"}', '2026-02-25 07:19:22'),
(196, 86, 'CREATED', 4, 3, '{\"order_total\":35,\"items_count\":1}', '2026-02-25 07:26:40'),
(197, 87, 'CREATED', 4, 3, '{\"order_total\":35,\"items_count\":1}', '2026-02-25 07:26:42'),
(198, 88, 'CREATED', 4, 3, '{\"order_total\":35,\"items_count\":1}', '2026-02-25 07:34:57'),
(199, 89, 'CREATED', 4, 3, '{\"order_total\":150,\"items_count\":1}', '2026-02-25 07:34:58'),
(200, 90, 'CREATED', 4, 3, '{\"order_total\":26,\"items_count\":1}', '2026-02-25 07:35:00'),
(201, 91, 'CREATED', 4, 3, '{\"order_total\":25,\"items_count\":1}', '2026-02-25 07:35:03'),
(202, 92, 'CREATED', 4, 3, '{\"order_total\":40,\"items_count\":1}', '2026-02-25 07:35:05'),
(203, 93, 'CREATED', 4, 3, '{\"order_total\":30,\"items_count\":1}', '2026-02-25 07:35:06'),
(204, 94, 'CREATED', 4, 3, '{\"order_total\":20,\"items_count\":1}', '2026-02-25 07:35:08'),
(205, 95, 'CREATED', 4, 3, '{\"order_total\":35,\"items_count\":1}', '2026-02-25 07:35:09'),
(206, 96, 'CREATED', 4, 3, '{\"order_total\":150,\"items_count\":1}', '2026-02-25 09:54:22'),
(207, 97, 'CREATED', 4, 3, '{\"order_total\":26,\"items_count\":1}', '2026-02-25 09:54:23'),
(208, 98, 'CREATED', 4, 3, '{\"order_total\":25,\"items_count\":1}', '2026-02-25 09:54:24'),
(209, 99, 'CREATED', 4, 3, '{\"order_total\":40,\"items_count\":1}', '2026-02-25 09:54:25'),
(210, 100, 'CREATED', 4, 3, '{\"order_total\":30,\"items_count\":1}', '2026-02-25 09:54:26'),
(211, 101, 'CREATED', NULL, 4, '{\"order_total\":35,\"items_count\":1,\"payment_method\":\"CASH\"}', '2026-02-25 16:06:10');

-- --------------------------------------------------------

--
-- Table structure for table `order_items`
--

CREATE TABLE `order_items` (
  `order_item_id` int(11) NOT NULL,
  `order_id` int(11) NOT NULL,
  `product_id` int(11) NOT NULL,
  `quantity` int(11) NOT NULL,
  `price` decimal(10,2) NOT NULL
) ENGINE=InnoDB DEFAULT CHARSET=utf8mb4 COLLATE=utf8mb4_general_ci;

--
-- Dumping data for table `order_items`
--

INSERT INTO `order_items` (`order_item_id`, `order_id`, `product_id`, `quantity`, `price`) VALUES
(1, 1, 1, 1, 35.00),
(2, 1, 2, 1, 35.00),
(3, 1, 4, 2, 20.00),
(4, 2, 1, 2, 35.00),
(5, 3, 1, 1, 35.00),
(6, 3, 2, 1, 35.00),
(7, 4, 1, 2, 35.00),
(8, 4, 2, 2, 35.00),
(9, 4, 4, 2, 20.00),
(10, 5, 1, 2, 35.00),
(11, 5, 2, 2, 35.00),
(12, 5, 4, 2, 20.00),
(13, 6, 1, 2, 35.00),
(14, 6, 2, 2, 35.00),
(15, 6, 3, 2, 25.00),
(16, 6, 4, 2, 20.00),
(17, 7, 1, 2, 35.00),
(18, 7, 4, 2, 20.00),
(19, 8, 4, 3, 20.00),
(20, 9, 4, 1, 20.00),
(21, 10, 3, 2, 25.00),
(22, 10, 5, 2, 40.00),
(23, 11, 4, 5, 20.00),
(24, 12, 1, 1, 35.00),
(27, 14, 1, 1, 35.00),
(95, 82, 7, 1, 26.00),
(96, 83, 3, 1, 25.00),
(97, 84, 6, 1, 30.00),
(98, 85, 5, 1, 40.00),
(99, 86, 1, 1, 35.00),
(100, 87, 1, 1, 35.00),
(101, 88, 2, 1, 35.00),
(102, 89, 9, 1, 150.00),
(103, 90, 7, 1, 26.00),
(104, 91, 3, 1, 25.00),
(105, 92, 5, 1, 40.00),
(106, 93, 6, 1, 30.00),
(107, 94, 4, 1, 20.00),
(108, 95, 1, 1, 35.00),
(109, 96, 9, 1, 150.00),
(110, 97, 7, 1, 26.00),
(111, 98, 3, 1, 25.00),
(112, 99, 5, 1, 40.00),
(113, 100, 6, 1, 30.00),
(114, 101, 1, 1, 35.00);

-- --------------------------------------------------------

--
-- Table structure for table `password_reset_otps`
--

CREATE TABLE `password_reset_otps` (
  `otp_id` int(11) NOT NULL,
  `user_id` int(11) NOT NULL,
  `email` varchar(255) NOT NULL,
  `otp_code` varchar(6) NOT NULL,
  `created_at` timestamp NOT NULL DEFAULT current_timestamp(),
  `expires_at` datetime NOT NULL,
  `is_used` tinyint(1) DEFAULT 0,
  `action` varchar(50) DEFAULT 'password_reset',
  `metadata` longtext CHARACTER SET utf8mb4 COLLATE utf8mb4_bin DEFAULT NULL CHECK (json_valid(`metadata`))
) ENGINE=InnoDB DEFAULT CHARSET=utf8mb4 COLLATE=utf8mb4_general_ci;

--
-- Dumping data for table `password_reset_otps`
--

INSERT INTO `password_reset_otps` (`otp_id`, `user_id`, `email`, `otp_code`, `created_at`, `expires_at`, `is_used`, `action`, `metadata`) VALUES
(7, 2, 'jazdylabajan@gmail.com', '309734', '2026-02-24 15:13:07', '2026-02-24 23:28:07', 1, 'password_reset', NULL),
(14, 14, 'shawnyeet5@gmail.com', '898916', '2026-02-24 16:10:08', '2026-02-25 00:25:08', 1, 'password_reset', NULL),
(16, 4, 'jaga.labajan.coc@phinmaed.com', '530697', '2026-02-24 16:18:14', '2026-02-25 00:33:14', 1, 'password_reset', NULL),
(36, 2, 'khristianjosol42@gmail.com', '607127', '2026-02-25 01:17:11', '2026-02-25 09:27:11', 1, 'email', '{\"new_email\":\"khristianjosol42@gmail.com\"}'),
(37, 2, 'khristianjosol42@gmail.com', '411033', '2026-02-25 01:17:54', '2026-02-25 09:27:54', 1, 'password', NULL),
(39, 4, 'jaga.labajan.coc@phinmaed.com', '176147', '2026-02-25 01:21:13', '2026-02-25 09:31:13', 0, 'email', '{\"new_email\":\"jaga.labajan.coc@phinmaed.com\"}'),
(40, 4, 'jazdylabajan@gmail.com', '886030', '2026-02-25 03:46:36', '2026-02-25 12:01:36', 0, 'password_reset', NULL),
(41, 15, 'joca.gayla.coc@phinmaed.com', '478683', '2026-02-25 05:16:02', '2026-02-25 13:31:02', 1, 'password_reset', NULL);

-- --------------------------------------------------------

--
-- Table structure for table `payments`
--

CREATE TABLE `payments` (
  `payment_id` int(11) NOT NULL,
  `bill_id` int(11) NOT NULL,
  `amount_paid` decimal(10,2) NOT NULL,
  `payment_method` varchar(50) DEFAULT NULL,
  `reference_number` varchar(100) DEFAULT NULL,
  `paid_at` timestamp NOT NULL DEFAULT current_timestamp()
) ENGINE=InnoDB DEFAULT CHARSET=utf8mb4 COLLATE=utf8mb4_general_ci;

--
-- Dumping data for table `payments`
--

INSERT INTO `payments` (`payment_id`, `bill_id`, `amount_paid`, `payment_method`, `reference_number`, `paid_at`) VALUES
(1, 1, 75.00, 'GCASH', NULL, '2026-01-31 10:30:19'),
(2, 3, 150.00, 'CASH', NULL, '2026-01-31 10:38:58'),
(3, 2, 75.00, 'CASH', NULL, '2026-01-31 16:07:15'),
(4, 5, 330.00, 'CASH', NULL, '2026-01-31 23:04:52'),
(5, 4, 150.00, 'CASH', NULL, '2026-01-31 23:04:56'),
(6, 6, 150.00, 'GCASH', NULL, '2026-02-01 04:17:22'),
(7, 7, 450.00, 'GCASH', NULL, '2026-02-01 04:17:34'),
(8, 8, 895.00, 'GCASH', NULL, '2026-02-01 05:19:26'),
(9, 9, 450.00, 'GCASH', NULL, '2026-02-01 05:20:54'),
(10, 10, 300.00, 'CASH', NULL, '2026-02-01 06:29:55'),
(11, 17, 150.00, 'CASH', NULL, '2026-02-01 15:47:02'),
(12, 11, 740.00, 'CASH', NULL, '2026-02-01 15:47:11'),
(13, 12, 150.00, 'CASH', NULL, '2026-02-01 15:47:16'),
(14, 13, 150.00, 'CASH', NULL, '2026-02-01 15:47:20'),
(15, 14, 150.00, 'CASH', NULL, '2026-02-01 15:47:25'),
(16, 15, 75.00, 'CASH', NULL, '2026-02-01 15:47:28'),
(17, 16, 150.00, 'CASH', NULL, '2026-02-01 15:47:32'),
(18, 20, 150.00, 'GCASH', NULL, '2026-02-01 16:05:34'),
(19, 21, 150.00, 'CASH', NULL, '2026-02-01 23:19:57'),
(20, 19, 150.00, 'CASH', NULL, '2026-02-01 23:20:01'),
(21, 18, 150.00, 'CASH', NULL, '2026-02-01 23:20:06'),
(22, 22, 150.00, 'CASH', NULL, '2026-02-01 23:20:09'),
(23, 23, 335.00, 'CASH', NULL, '2026-02-02 00:43:29'),
(24, 24, 150.00, 'CASH', NULL, '2026-02-02 02:45:01'),
(25, 25, 150.00, 'CASH', NULL, '2026-02-02 02:45:07'),
(26, 26, 150.00, 'CASH', NULL, '2026-02-02 02:45:14'),
(27, 27, 150.00, 'CASH', NULL, '2026-02-02 03:41:07'),
(28, 28, 150.00, 'CASH', NULL, '2026-02-02 03:41:14'),
(29, 29, 285.00, 'CASH', NULL, '2026-02-02 03:45:30'),
(30, 30, 150.00, 'CASH', NULL, '2026-02-02 03:51:26'),
(31, 31, 150.00, 'CASH', NULL, '2026-02-02 03:51:31'),
(32, 32, 150.00, 'CASH', NULL, '2026-02-02 10:14:41'),
(33, 33, 75.00, 'CASH', NULL, '2026-02-02 11:06:32'),
(34, 35, 150.00, 'CASH', NULL, '2026-02-02 12:12:34'),
(35, 34, 360.00, 'CASH', NULL, '2026-02-02 12:12:40'),
(36, 36, 150.00, 'CASH', NULL, '2026-02-02 12:16:46'),
(37, 37, 150.00, 'CASH', NULL, '2026-02-02 12:35:43'),
(38, 38, 150.00, 'GCASH', NULL, '2026-02-08 23:51:07'),
(39, 39, 150.00, 'CASH', NULL, '2026-02-09 00:21:06'),
(40, 40, 150.00, 'CASH', NULL, '2026-02-09 00:24:48'),
(41, 41, 150.00, 'CASH', NULL, '2026-02-09 01:04:10'),
(42, 42, 150.00, 'CASH', NULL, '2026-02-09 01:19:12'),
(43, 44, 150.00, 'GCASH', NULL, '2026-02-12 07:37:17'),
(44, 46, 150.00, 'CASH', NULL, '2026-02-18 04:52:10'),
(45, 45, 150.00, 'CASH', NULL, '2026-02-18 04:52:19'),
(46, 43, 200.00, 'CASH', NULL, '2026-02-18 04:52:30'),
(47, 47, 75.00, 'GCASH', NULL, '2026-02-18 05:17:49'),
(48, 48, 200.00, 'CASH', NULL, '2026-02-18 05:22:09'),
(49, 49, 150.00, 'CASH', NULL, '2026-02-18 05:22:41'),
(50, 51, 80.00, 'CASH', NULL, '2026-02-22 14:23:57'),
(51, 52, 1000.00, 'CASH', NULL, '2026-02-22 14:32:03'),
(52, 53, 150.00, 'CASH', NULL, '2026-02-22 22:42:54'),
(53, 54, 21313.00, 'GCASH', NULL, '2026-02-22 22:43:44'),
(54, 50, 150.00, 'CASH', NULL, '2026-02-23 03:41:55'),
(55, 56, 150.00, 'CASH', NULL, '2026-02-23 07:49:40'),
(56, 60, 150.00, 'CASH', NULL, '2026-02-23 13:27:14'),
(57, 57, 150.00, 'CASH', NULL, '2026-02-23 13:27:17'),
(58, 55, 150.00, 'CASH', NULL, '2026-02-23 13:27:21'),
(59, 59, 150.00, 'CASH', NULL, '2026-02-23 13:27:25'),
(60, 61, 110.00, 'CASH', NULL, '2026-02-23 22:34:40'),
(61, 58, 233.00, 'GCASH', NULL, '2026-02-23 22:35:42'),
(62, 64, 2323.00, 'CASH', NULL, '2026-02-23 22:35:51'),
(63, 62, 150.00, 'CASH', NULL, '2026-02-23 22:39:23'),
(64, 63, 150.00, 'CASH', NULL, '2026-02-23 22:44:16'),
(65, 66, 150.00, 'CASH', NULL, '2026-02-23 22:44:21'),
(66, 68, 150.00, 'CASH', NULL, '2026-02-23 22:44:25'),
(67, 65, 150.00, 'CASH', NULL, '2026-02-23 23:20:45'),
(68, 70, 150.00, 'CASH', NULL, '2026-02-23 23:20:49'),
(69, 67, 150.00, 'CASH', NULL, '2026-02-23 23:23:56'),
(70, 69, 150.00, 'CASH', NULL, '2026-02-23 23:27:07'),
(71, 73, 150.00, 'CASH', NULL, '2026-02-23 23:27:11'),
(72, 71, 150.00, 'CASH', NULL, '2026-02-23 23:30:01'),
(73, 75, 150.00, 'CASH', NULL, '2026-02-23 23:30:04'),
(74, 72, 150.00, 'CASH', NULL, '2026-02-23 23:38:44'),
(75, 77, 150.00, 'CASH', NULL, '2026-02-23 23:38:48'),
(76, 79, 1231.00, 'GCASH', NULL, '2026-02-24 02:10:57'),
(77, 74, 150.00, 'CASH', NULL, '2026-02-24 02:31:03'),
(78, 80, 150.00, 'CASH', NULL, '2026-02-24 03:37:41'),
(79, 84, 150.00, 'CASH', NULL, '2026-02-24 03:37:50'),
(80, 83, 75.00, 'CASH', NULL, '2026-02-24 04:14:53'),
(81, 82, 150.00, 'CASH', NULL, '2026-02-24 04:15:15'),
(82, 81, 150.00, 'CASH', NULL, '2026-02-24 07:19:39'),
(83, 87, 200.00, 'CASH', NULL, '2026-02-24 09:02:10'),
(84, 90, 1231.00, 'CASH', NULL, '2026-02-24 09:03:46'),
(85, 92, 222.00, 'CASH', NULL, '2026-02-24 13:38:45'),
(86, 95, 150.00, 'CASH', NULL, '2026-02-24 16:30:45'),
(87, 96, 150.00, 'GCASH', '123123', '2026-02-24 16:33:40'),
(88, 94, 2222.00, 'CASH', NULL, '2026-02-24 23:16:49'),
(89, 94, 2222.00, 'CASH', NULL, '2026-02-24 23:26:51'),
(90, 95, 500.00, 'CASH', NULL, '2026-02-24 23:35:40'),
(91, 94, 2222.00, 'CASH', NULL, '2026-02-24 23:41:53'),
(92, 94, 222.00, 'CASH', NULL, '2026-02-24 23:42:37'),
(93, 94, 222.00, 'CASH', NULL, '2026-02-25 00:23:31'),
(94, 94, 80.00, 'CASH', NULL, '2026-02-25 00:33:14'),
(95, 97, 150.00, 'CASH', NULL, '2026-02-25 01:22:05'),
(96, 98, 150.00, 'CASH', NULL, '2026-02-25 01:24:41'),
(97, 99, 150.00, 'CASH', NULL, '2026-02-25 01:27:31'),
(98, 100, 150.00, 'CASH', NULL, '2026-02-25 01:28:18'),
(99, 101, 150.00, 'CASH', NULL, '2026-02-25 01:51:08'),
(100, 102, 150.00, 'CASH', NULL, '2026-02-25 01:51:29'),
(101, 76, 222.00, 'CASH', NULL, '2026-02-25 01:51:42'),
(102, 103, 150.00, 'CASH', NULL, '2026-02-25 01:53:37'),
(103, 104, 150.00, 'CASH', NULL, '2026-02-25 01:54:14'),
(104, 76, 1231.00, 'CASH', NULL, '2026-02-25 01:54:39'),
(105, 105, 150.00, 'CASH', NULL, '2026-02-25 01:54:55'),
(106, 106, 150.00, 'CASH', NULL, '2026-02-25 01:55:01'),
(107, 107, 150.00, 'CASH', NULL, '2026-02-25 01:55:05'),
(108, 108, 150.00, 'CASH', NULL, '2026-02-25 01:55:16'),
(109, 109, 150.00, 'GCASH', '12313', '2026-02-25 08:04:15');

-- --------------------------------------------------------

--
-- Table structure for table `payment_requests`
--

CREATE TABLE `payment_requests` (
  `request_id` int(11) NOT NULL,
  `rental_id` int(11) NOT NULL,
  `room_id` int(11) NOT NULL,
  `status` enum('PENDING','ASSIGNED_TO_STAFF','COLLECTED','CANCELLED') DEFAULT 'PENDING',
  `requested_at` timestamp NOT NULL DEFAULT current_timestamp(),
  `assigned_staff_id` int(11) DEFAULT NULL,
  `assigned_at` datetime DEFAULT NULL,
  `collected_at` datetime DEFAULT NULL
) ENGINE=InnoDB DEFAULT CHARSET=utf8mb4 COLLATE=utf8mb4_general_ci;

-- --------------------------------------------------------

--
-- Table structure for table `products`
--

CREATE TABLE `products` (
  `product_id` int(11) NOT NULL,
  `product_name` varchar(100) NOT NULL,
  `price` decimal(10,2) NOT NULL,
  `stock_quantity` int(11) NOT NULL,
  `is_active` tinyint(1) DEFAULT 1,
  `Category` varchar(122) NOT NULL
) ENGINE=InnoDB DEFAULT CHARSET=utf8mb4 COLLATE=utf8mb4_general_ci;

--
-- Dumping data for table `products`
--

INSERT INTO `products` (`product_id`, `product_name`, `price`, `stock_quantity`, `is_active`, `Category`) VALUES
(1, 'Coke 330ml', 35.00, 32, 1, 'Beverages'),
(2, 'Sprite 330ml', 35.00, 41, 1, 'Beverages'),
(3, 'Piattos Cheese', 25.00, 43, 1, 'Snacks'),
(4, 'Bottled Water', 20.00, 30, 1, 'Beverages'),
(5, 'Nova', 40.00, 45, 1, 'Snacks'),
(6, 'Mang Juan', 30.00, 47, 1, 'Snacks'),
(7, 'Cup Noodles', 26.00, 47, 1, 'Noodles'),
(8, 'Winston', 200.00, 0, 1, 'Other'),
(9, 'TANDUAY LIGHT', 150.00, 227, 1, 'Beverages');

-- --------------------------------------------------------

--
-- Table structure for table `rentals`
--

CREATE TABLE `rentals` (
  `rental_id` int(11) NOT NULL,
  `room_id` int(11) NOT NULL,
  `started_at` datetime NOT NULL,
  `ended_at` datetime DEFAULT NULL,
  `total_minutes` int(11) DEFAULT 0,
  `is_active` tinyint(1) DEFAULT 1
) ENGINE=InnoDB DEFAULT CHARSET=utf8mb4 COLLATE=utf8mb4_general_ci;

--
-- Dumping data for table `rentals`
--

INSERT INTO `rentals` (`rental_id`, `room_id`, `started_at`, `ended_at`, `total_minutes`, `is_active`) VALUES
(1, 1, '2026-01-31 18:30:13', '2026-01-31 18:30:19', 30, 0),
(2, 2, '2026-01-31 18:30:28', '2026-02-01 00:07:15', 30, 0),
(3, 3, '2026-01-31 18:34:14', '2026-01-31 18:38:58', 60, 0),
(4, 4, '2026-02-01 06:16:49', '2026-02-01 07:04:56', 60, 0),
(5, 1, '2026-02-01 06:57:29', '2026-02-01 07:04:52', 60, 0),
(6, 1, '2026-02-01 12:17:15', '2026-02-01 12:17:22', 60, 0),
(7, 2, '2026-02-01 12:17:28', '2026-02-01 12:17:34', 180, 0),
(8, 3, '2026-02-01 12:27:41', '2026-02-01 13:19:26', 330, 0),
(9, 4, '2026-02-01 13:06:40', '2026-02-01 13:20:54', 180, 0),
(10, 5, '2026-02-01 13:10:03', '2026-02-01 14:29:55', 120, 0),
(11, 1, '2026-02-01 14:37:17', '2026-02-01 23:47:11', 60, 0),
(12, 2, '2026-02-01 14:57:30', '2026-02-01 23:47:16', 60, 0),
(13, 3, '2026-02-01 23:28:52', '2026-02-01 23:47:20', 60, 0),
(14, 4, '2026-02-01 23:29:01', '2026-02-01 23:47:25', 60, 0),
(15, 5, '2026-02-01 23:29:02', '2026-02-01 23:47:28', 30, 0),
(16, 6, '2026-02-01 23:41:23', '2026-02-01 23:47:32', 60, 0),
(17, 7, '2026-02-01 23:46:55', '2026-02-01 23:47:02', 60, 0),
(18, 1, '2026-02-01 23:52:49', '2026-02-02 07:20:06', 60, 0),
(19, 2, '2026-02-01 23:54:37', '2026-02-02 07:20:01', 60, 0),
(20, 3, '2026-02-02 00:05:27', '2026-02-02 00:05:34', 60, 0),
(21, 4, '2026-02-02 00:06:35', '2026-02-02 07:19:57', 60, 0),
(22, 5, '2026-02-02 07:19:53', '2026-02-02 07:20:09', 60, 0),
(23, 1, '2026-02-02 07:25:10', '2026-02-02 08:43:30', 90, 0),
(24, 2, '2026-02-02 08:30:06', '2026-02-02 10:45:01', 60, 0),
(25, 3, '2026-02-02 08:31:36', '2026-02-02 10:45:07', 60, 0),
(26, 4, '2026-02-02 08:35:44', '2026-02-02 10:45:14', 60, 0),
(27, 5, '2026-02-02 08:38:20', '2026-02-02 11:41:07', 60, 0),
(28, 6, '2026-02-02 08:42:16', '2026-02-02 11:41:14', 60, 0),
(29, 1, '2026-02-02 11:42:10', '2026-02-02 11:45:30', 90, 0),
(30, 2, '2026-02-02 11:48:07', '2026-02-02 11:51:26', 60, 0),
(31, 3, '2026-02-02 11:51:12', '2026-02-02 11:51:31', 60, 0),
(32, 1, '2026-02-02 11:54:39', '2026-02-02 18:14:41', 60, 0),
(33, 2, '2026-02-02 18:47:25', '2026-02-02 19:06:32', 30, 0),
(34, 1, '2026-02-02 19:10:58', '2026-02-02 20:12:41', 30, 0),
(35, 2, '2026-02-02 19:58:59', '2026-02-02 20:12:34', 60, 0),
(36, 1, '2026-02-02 20:16:40', '2026-02-02 20:16:46', 60, 0),
(37, 3, '2026-02-02 20:17:37', '2026-02-02 20:35:43', 60, 0),
(38, 4, '2026-02-04 14:15:29', '2026-02-09 07:51:07', 60, 0),
(39, 5, '2026-02-09 08:15:24', '2026-02-09 08:21:06', 60, 0),
(40, 6, '2026-02-09 08:21:10', '2026-02-09 08:24:48', 60, 0),
(41, 7, '2026-02-09 08:24:51', '2026-02-09 09:04:10', 60, 0),
(42, 8, '2026-02-09 09:04:14', '2026-02-09 09:19:12', 60, 0),
(43, 9, '2026-02-09 09:19:15', '2026-02-18 12:52:30', 60, 0),
(44, 1, '2026-02-09 18:29:51', '2026-02-12 15:37:17', 60, 0),
(45, 2, '2026-02-09 18:30:33', '2026-02-18 12:52:19', 60, 0),
(46, 3, '2026-02-09 19:33:47', '2026-02-18 12:52:10', 60, 0),
(47, 4, '2026-02-18 13:14:09', '2026-02-18 13:17:49', 30, 0),
(48, 10, '2026-02-18 13:21:57', '2026-02-18 13:22:09', 60, 0),
(49, 16, '2026-02-18 13:22:32', '2026-02-18 13:22:41', 60, 0),
(50, 1, '2026-02-18 13:22:59', '2026-02-23 11:41:55', 60, 0),
(51, 15, '2026-02-22 22:21:48', '2026-02-22 22:23:57', 30, 0),
(52, 15, '2026-02-22 22:31:00', '2026-02-22 22:32:03', 60, 0),
(53, 15, '2026-02-22 22:46:16', '2026-02-23 06:42:54', 60, 0),
(54, 15, '2026-02-23 06:43:18', '2026-02-23 06:43:44', 60, 0),
(55, 1, '2026-02-23 11:40:05', '2026-02-23 21:27:21', 60, 0),
(56, 15, '2026-02-23 15:39:11', '2026-02-23 15:49:40', 60, 0),
(57, 15, '2026-02-23 21:20:41', '2026-02-23 21:27:17', 60, 0),
(58, 1, '2026-02-23 21:22:32', '2026-02-24 06:35:42', 60, 0),
(59, 2, '2026-02-23 21:22:40', '2026-02-23 21:27:25', 60, 0),
(60, 3, '2026-02-23 21:26:25', '2026-02-23 21:27:14', 60, 0),
(61, 15, '2026-02-23 21:27:33', '2026-02-24 06:34:40', 30, 0),
(62, 1, '2026-02-23 21:48:39', '2026-02-24 06:39:23', 60, 0),
(63, 1, '2026-02-24 06:34:06', '2026-02-24 06:44:17', 60, 0),
(64, 2, '2026-02-24 06:34:27', '2026-02-24 06:35:51', 60, 0),
(65, 1, '2026-02-24 06:35:59', '2026-02-24 07:20:45', 60, 0),
(66, 2, '2026-02-24 06:37:01', '2026-02-24 06:44:21', 60, 0),
(67, 1, '2026-02-24 06:39:29', '2026-02-24 07:23:56', 60, 0),
(68, 3, '2026-02-24 06:40:22', '2026-02-24 06:44:25', 60, 0),
(69, 1, '2026-02-24 06:44:35', '2026-02-24 07:27:07', 60, 0),
(70, 2, '2026-02-24 06:44:39', '2026-02-24 07:20:49', 60, 0),
(71, 1, '2026-02-24 07:20:53', '2026-02-24 07:30:01', 60, 0),
(72, 1, '2026-02-24 07:24:01', '2026-02-24 07:38:44', 60, 0),
(73, 2, '2026-02-24 07:26:32', '2026-02-24 07:27:11', 60, 0),
(74, 1, '2026-02-24 07:27:17', '2026-02-24 10:31:03', 60, 0),
(75, 2, '2026-02-24 07:28:45', '2026-02-24 07:30:05', 60, 0),
(76, 1, '2026-02-24 07:30:09', NULL, 120, 1),
(77, 2, '2026-02-24 07:37:31', '2026-02-24 07:38:48', 60, 0),
(78, 1, '2026-02-24 07:38:52', NULL, 60, 1),
(79, 2, '2026-02-24 07:39:16', '2026-02-24 10:10:57', 60, 0),
(80, 3, '2026-02-24 07:39:23', '2026-02-24 11:37:41', 60, 0),
(81, 4, '2026-02-24 07:41:56', '2026-02-24 20:20:09', 60, 0),
(82, 5, '2026-02-24 07:45:54', '2026-02-24 20:20:09', 90, 0),
(83, 6, '2026-02-24 07:47:19', '2026-02-24 20:20:09', 30, 0),
(84, 8, '2026-02-24 11:34:41', '2026-02-24 11:37:50', 60, 0),
(85, 8, '2026-02-24 12:18:33', '2026-02-24 20:20:09', 60, 0),
(86, 16, '2026-02-24 12:30:56', '2026-02-24 20:20:09', 270, 0),
(87, 11, '2026-02-24 12:35:58', '2026-02-24 20:20:09', 60, 0),
(88, 12, '2026-02-24 16:51:48', '2026-02-24 20:20:09', 60, 0),
(89, 14, '2026-02-24 17:01:31', '2026-02-24 20:20:09', 60, 0),
(90, 3, '2026-02-24 17:02:33', '2026-02-24 20:20:09', 60, 0),
(91, 7, '2026-02-24 17:06:29', '2026-02-24 20:20:09', 180, 0),
(92, 3, '2026-02-24 20:21:36', '2026-02-25 00:11:06', 210, 0),
(93, 4, '2026-02-24 21:24:33', '2026-02-25 00:11:13', 90, 0),
(94, 3, '2026-02-25 00:20:07', '2026-02-25 09:20:45', 300, 0),
(95, 4, '2026-02-25 00:30:45', '2026-02-25 09:20:51', 90, 0),
(96, 5, '2026-02-25 00:33:40', '2026-02-25 09:20:57', 120, 0),
(97, 3, '2026-02-25 09:22:05', '2026-02-25 09:22:09', 60, 0),
(98, 3, '2026-02-25 09:24:41', '2026-02-25 09:24:49', 60, 0),
(99, 4, '2026-02-25 09:27:31', '2026-02-25 09:27:36', 60, 0),
(100, 6, '2026-02-25 09:28:18', '2026-02-25 09:30:43', 60, 0),
(101, 2, '2026-02-25 09:51:08', '2026-02-25 09:51:12', 60, 0),
(102, 1, '2026-02-25 09:51:29', '2026-02-25 09:53:30', 60, 0),
(103, 5, '2026-02-25 09:53:37', '2026-02-25 13:17:19', 60, 0),
(104, 1, '2026-02-25 09:54:14', '2026-02-25 09:54:43', 60, 0),
(105, 3, '2026-02-25 09:54:55', '2026-02-25 13:17:15', 60, 0),
(106, 1, '2026-02-25 09:55:01', '2026-02-25 09:55:11', 60, 0),
(107, 2, '2026-02-25 09:55:05', '2026-02-25 13:17:12', 60, 0),
(108, 4, '2026-02-25 09:55:16', '2026-02-25 13:17:17', 60, 0),
(109, 3, '2026-02-25 16:04:15', NULL, 60, 1);

-- --------------------------------------------------------

--
-- Table structure for table `rental_access`
--

CREATE TABLE `rental_access` (
  `access_id` int(11) NOT NULL,
  `rental_id` int(11) NOT NULL,
  `room_id` int(11) NOT NULL,
  `qr_token` varchar(64) NOT NULL,
  `otp_code` varchar(6) NOT NULL,
  `is_used` tinyint(1) DEFAULT 0,
  `expires_at` datetime NOT NULL,
  `created_at` timestamp NOT NULL DEFAULT current_timestamp()
) ENGINE=InnoDB DEFAULT CHARSET=utf8mb4 COLLATE=utf8mb4_general_ci;

--
-- Dumping data for table `rental_access`
--

INSERT INTO `rental_access` (`access_id`, `rental_id`, `room_id`, `qr_token`, `otp_code`, `is_used`, `expires_at`, `created_at`) VALUES
(1, 51, 15, 'f0d3326676ff4017a5cf12f6bde30110b3a843ae1dd04dfd74bbb7c4132c787d', '298462', 0, '2026-02-23 22:21:48', '2026-02-22 14:21:48'),
(2, 52, 15, '4ee6c92ca2a5a68c924a55faa5bab3e0a82033fb96bc18be6ea03bb1c157254a', '370846', 0, '2026-02-23 22:31:00', '2026-02-22 14:31:00'),
(3, 53, 15, '787df0a15f8a3789d29c9b16cb2c823ce5ca635ef9e5ee43e05db0b225d70e48', '123264', 0, '2026-02-23 22:46:16', '2026-02-22 14:46:16'),
(4, 54, 15, 'd5203c552bc5ab9ba37e0b7562e71fb32dcdc638c92175e54f39f74fb44d873e', '435469', 0, '2026-02-24 06:43:18', '2026-02-22 22:43:18'),
(5, 55, 1, '368fadb5d6c749ebae82ec4d355f98754645c5a3dbff063c9fa871e4a5f9a70a', '775337', 0, '2026-02-24 11:40:05', '2026-02-23 03:40:05'),
(6, 56, 15, '2031204f07e050d4a91c3c7e66962dfd6193da41b2eb6f0b31c7e4f03e6d2e7d', '762740', 0, '2026-02-24 15:39:11', '2026-02-23 07:39:12'),
(7, 57, 15, 'ec0d7e4ddd178b3d15c6b525048167b3c193c87d5e466ca828706b3b5f9667b4', '406654', 0, '2026-02-24 21:20:41', '2026-02-23 13:20:41'),
(8, 58, 1, '095c15ac4b4426a2aad36862ecbb239af5f998f6e2296a330c01de411896951e', '393444', 0, '2026-02-24 21:22:32', '2026-02-23 13:22:32'),
(9, 59, 2, '50090461844254f14783b12082bb9a1791712c454fddafd2d273ffbdc8bd3456', '803136', 0, '2026-02-24 21:22:40', '2026-02-23 13:22:40'),
(10, 60, 3, '85cdf9e80805043a4bc1ae2605d62fd34ff5c832c427b6fa49dd89e68dfa73ee', '305495', 0, '2026-02-24 21:26:25', '2026-02-23 13:26:25'),
(11, 61, 15, '1fffa7fea672be1d4770fe2e743d577b5e8b4eef025b1bfee8fadbaa76d917ca', '343327', 1, '2026-02-24 21:27:33', '2026-02-23 13:27:33'),
(12, 62, 1, 'b940c06112dfac87c6b3e4174ef8b5e93c1cba6604ec5b54482508f62de1b0b9', '556338', 1, '2026-02-24 21:48:39', '2026-02-23 13:48:39'),
(13, 63, 1, '313d08446269cca3923a4fde073ad3be5fb0167f5b0a01a1deb7fd72190550c3', '757206', 0, '2026-02-25 06:34:06', '2026-02-23 22:34:06'),
(14, 64, 2, '6342b3804b0aa4da9e8c61281188a4bbb11ece873b5e961888a33a632b02a6ba', '567776', 0, '2026-02-25 06:34:27', '2026-02-23 22:34:27'),
(15, 65, 1, 'f2924d32251a25b44b07321139d41c67046d692999bd45ec2e3d12494b4478d9', '554072', 0, '2026-02-25 06:35:59', '2026-02-23 22:35:59'),
(16, 66, 2, 'e6a098127e28c7b286714ef9b341bd75adcde40dedb176898accf4344cc091d1', '687609', 0, '2026-02-25 06:37:01', '2026-02-23 22:37:01'),
(17, 67, 1, 'f42e6794618411ac9977369b9484d8da2f427522e71feafe8e4a79ef07e7b193', '367375', 0, '2026-02-25 06:39:29', '2026-02-23 22:39:29'),
(18, 68, 3, 'cc8a4c08d8a2c6d1e94936aaf54a7b288bdc99d6af4518c9bfacaa0d16a3af9a', '812461', 0, '2026-02-25 06:40:22', '2026-02-23 22:40:22'),
(19, 69, 1, '3267e6226689ac41ce8ede89ea56fed978b37366964a327d892cfd0efdf43156', '983938', 0, '2026-02-25 06:44:35', '2026-02-23 22:44:35'),
(20, 70, 2, 'c37851231a622676280321cb038873a7227f8353ce3604f99a77bc055df75111', '546310', 0, '2026-02-25 06:44:39', '2026-02-23 22:44:39'),
(21, 71, 1, 'cde4814d65f697a52aa51f31fef166ad8040e78b0c40418658ef228337707b32', '092141', 0, '2026-02-25 07:20:53', '2026-02-23 23:20:53'),
(22, 72, 1, '4761d57f1245ea56d66dd806400e90dd006c033d1719de3b2d9c3be4666516ad', '861171', 0, '2026-02-25 07:24:01', '2026-02-23 23:24:01'),
(23, 73, 2, 'c8b3c54f162d62a38b90ba2329bc14947982fe1a568672be47a11cda3c08c121', '985915', 0, '2026-02-25 07:26:32', '2026-02-23 23:26:32'),
(24, 74, 1, '71571179c8252d4ed307d632f54ea71cf7751dc48ddab22f42561cb1bd57ce4d', '025785', 0, '2026-02-25 07:27:17', '2026-02-23 23:27:17'),
(25, 75, 2, '9bd032393a1bc4b254965c5bf6d3962629d2e22b0609eb946274747b138cdd78', '015535', 0, '2026-02-25 07:28:45', '2026-02-23 23:28:45'),
(26, 76, 1, '96617e9677c1df840ae52153b9e216dd1866cb568446035d738b6e7bc9736045', '315172', 0, '2026-02-25 07:30:09', '2026-02-23 23:30:09'),
(27, 77, 2, 'ca2ef8e1b195ea686e11421ca13df52328dfb498a8f07e145764caca65d74ece', '502429', 0, '2026-02-25 07:37:31', '2026-02-23 23:37:31'),
(28, 78, 1, '3d0c419f2bcb7a29a0ecbdfa41a1df6d3c113f8949a5821437fd60693a7ff49a', '827286', 0, '2026-02-25 07:38:52', '2026-02-23 23:38:52'),
(29, 79, 2, '18c50639a25d71cf06feab446263b5f8dba2a45e1c163c4c3a4f48f3d71432ac', '216684', 0, '2026-02-25 07:39:16', '2026-02-23 23:39:16'),
(30, 80, 3, 'a1a57afc97525ec4b755b5fec2b4af4735f40aa423d8409351e3459792b15fb1', '119842', 0, '2026-02-25 07:39:23', '2026-02-23 23:39:23'),
(31, 81, 4, '9d2163972d42668d302fc2196584bb4d7de3fc266483803553361a3bf792294f', '452836', 0, '2026-02-25 07:41:56', '2026-02-23 23:41:56'),
(32, 82, 5, '60d265298426aa618095fee47c4bf6ab6802f584dbcf941a47680eb54cfe453f', '311543', 0, '2026-02-25 07:45:54', '2026-02-23 23:45:54'),
(33, 83, 6, '30a3907da3d4ec4669327d2f0037264bc9e90b0e127c4950c01db93c14ef26f9', '367627', 1, '2026-02-25 07:47:19', '2026-02-23 23:47:19'),
(34, 84, 8, '8deab0f12d5da2db2d6971c59fbe12b3663ff61fea49e458e5f4af3ad57d3e86', '584066', 0, '2026-02-25 11:34:41', '2026-02-24 03:34:41'),
(35, 85, 8, '8232b60613f83e993939bc9b02da4c5fa3134873b22d13990e423dc20d840221', '907138', 0, '2026-02-25 12:18:33', '2026-02-24 04:18:33'),
(36, 86, 16, '4641b62e06680f831db80b09e0aa5e318b9852e5db80ad1a8725b306ed084a41', '653991', 0, '2026-02-25 12:30:56', '2026-02-24 04:30:57'),
(37, 87, 11, 'bf477d05eb06774ed707ff62b1b44449debd0aff7a718dd2d9c856bf73ba3825', '496447', 1, '2026-02-25 12:35:58', '2026-02-24 04:35:58'),
(38, 88, 12, 'bed3cebe0ba9d657f5c898d6c9180deed04833bc7f1723b4cdb01fe295aa4266', '473215', 0, '2026-02-25 16:51:48', '2026-02-24 08:51:48'),
(39, 89, 14, '9a498c8c7ddba03e0b92511c24260ec22822f0fe743c7261c4a10e8dce390c5a', '557529', 0, '2026-02-25 17:01:31', '2026-02-24 09:01:31'),
(40, 90, 3, 'c2dfbd88b5414f7e61dfee731d702eb853f94cd38899b6950f42fb95ad4a4ccb', '652116', 0, '2026-02-25 17:02:33', '2026-02-24 09:02:33'),
(41, 91, 7, '330c5c86d7484bd4e881ef15b9c0fcea77f95b2b79a54737b0e6df460c36839b', '467497', 0, '2026-02-25 17:06:29', '2026-02-24 09:06:29'),
(42, 92, 3, '2b30edb114e9c542478610c3d55f01614713ce3d8f9f232816543f97b97186b8', '282665', 0, '2026-02-25 20:21:36', '2026-02-24 12:21:36'),
(43, 93, 4, 'fc27e2279bbf2a7a9ab8b15be2aabe0ae960b032695b987f2d5f3ce5f58bedb6', '610830', 0, '2026-02-25 21:24:33', '2026-02-24 13:24:33'),
(44, 94, 3, 'e2ff3a8d117a92539a8956ba733e9ba6d67114777e6d8c3b04210a2baf4a4c75', '649360', 0, '2026-02-26 00:20:07', '2026-02-24 16:20:07'),
(45, 95, 4, 'fc7e488248c3503bb97b6203be5e404d51a1c25f5a5e7e6bd06cbb63c63832fb', '385149', 0, '2026-02-26 00:30:45', '2026-02-24 16:30:45'),
(46, 96, 5, 'b944f5947f4359fda798d5ec2793bd1b338bc3a8a048cefa3610de4b01d939de', '900583', 0, '2026-02-26 00:33:40', '2026-02-24 16:33:40'),
(47, 97, 3, 'e9cc699459b1b335b9092eaab1d7f3f755d465916f58d2af04dd30874862bc6e', '692827', 0, '2026-02-26 09:22:05', '2026-02-25 01:22:05'),
(48, 98, 3, '2e9236b1d4d7caff3b5c43673f662af805d941d93fc0b32f80dea38b22b4ac08', '983100', 0, '2026-02-26 09:24:41', '2026-02-25 01:24:41'),
(49, 99, 4, '9098080cb4deec567e79f84f61ff4006564e804df378b03505a34beef550cd91', '564699', 0, '2026-02-26 09:27:31', '2026-02-25 01:27:31'),
(50, 100, 6, 'b5011090bd9d81e5e92033f2f5fcb0a16b798ef2487a514f8def466a4c362758', '444440', 0, '2026-02-26 09:28:18', '2026-02-25 01:28:18'),
(51, 101, 2, '0efa59e5fb2c4b092c134395392526303276b6f50061c35fce2c2fcc6c2e3154', '302899', 0, '2026-02-26 09:51:08', '2026-02-25 01:51:08'),
(52, 102, 1, 'd2fdf5141cfe7142d7634af9df92a17b0f08d6f603aea38b4935bcbe70956ee0', '960966', 0, '2026-02-26 09:51:29', '2026-02-25 01:51:29'),
(53, 103, 5, '169673e5efdb60a746a6de1af0a8b96ad13a726ee59fca681cf6bcc76f0dcf82', '456225', 0, '2026-02-26 09:53:37', '2026-02-25 01:53:37'),
(54, 104, 1, '7b5bee28ac71f9884939c5440a7333a599f4efb5c35d8b1a25e5e7824e3f60da', '899653', 0, '2026-02-26 09:54:14', '2026-02-25 01:54:14'),
(55, 105, 3, '015c0f35ac1d690b21ae6dd6e500e925ac99930b0ae8d031f4fac7e987375837', '821929', 0, '2026-02-26 09:54:55', '2026-02-25 01:54:55'),
(56, 106, 1, '4e6fa480fa4e73ebebe75eee683b5ff6a887924187b6a6eae40dd052618d85a8', '943519', 0, '2026-02-26 09:55:01', '2026-02-25 01:55:01'),
(57, 107, 2, 'c8ca64fa24a3f7871e476fafd026c6e32153079890914537a0ec3a1d4809fa89', '045420', 0, '2026-02-26 09:55:05', '2026-02-25 01:55:05'),
(58, 108, 4, '2ae5678d911d390b3cd4389addfa2f713a1bc99a54f61d7121808b9e72b653d5', '195325', 0, '2026-02-26 09:55:16', '2026-02-25 01:55:16'),
(59, 109, 3, '0cf456ffb07d431b26f3dab7fac558f4ba1091920f8c392c93b8c6b2d28e9ef2', '393710', 1, '2026-02-26 16:04:15', '2026-02-25 08:04:15');

-- --------------------------------------------------------

--
-- Table structure for table `rental_extensions`
--

CREATE TABLE `rental_extensions` (
  `extension_id` int(11) NOT NULL,
  `rental_id` int(11) NOT NULL,
  `minutes_added` int(11) NOT NULL,
  `cost` decimal(10,2) NOT NULL,
  `extended_at` timestamp NOT NULL DEFAULT current_timestamp(),
  `is_paid` tinyint(1) NOT NULL DEFAULT 0
) ENGINE=InnoDB DEFAULT CHARSET=utf8mb4 COLLATE=utf8mb4_general_ci;

--
-- Dumping data for table `rental_extensions`
--

INSERT INTO `rental_extensions` (`extension_id`, `rental_id`, `minutes_added`, `cost`, `extended_at`, `is_paid`) VALUES
(1, 8, 30, 75.00, '2026-02-01 05:00:08', 0),
(2, 8, 30, 75.00, '2026-02-01 05:04:57', 0),
(3, 8, 180, 450.00, '2026-02-01 05:07:03', 0),
(4, 8, 30, 75.00, '2026-02-01 05:09:10', 0),
(5, 10, 30, 75.00, '2026-02-01 05:15:51', 0),
(6, 10, 30, 75.00, '2026-02-01 05:18:45', 0),
(7, 23, 30, 75.00, '2026-02-01 23:25:21', 0),
(8, 29, 30, 75.00, '2026-02-02 03:42:27', 0),
(9, 82, 30, 75.00, '2026-02-24 09:09:36', 0),
(10, 91, 30, 100.00, '2026-02-24 09:10:31', 0),
(11, 86, 30, 75.00, '2026-02-24 09:10:34', 0),
(12, 86, 60, 150.00, '2026-02-24 09:10:38', 0),
(13, 86, 120, 300.00, '2026-02-24 09:10:43', 0),
(14, 91, 30, 100.00, '2026-02-24 09:16:56', 0),
(15, 91, 60, 200.00, '2026-02-24 09:17:01', 0),
(16, 92, 30, 75.00, '2026-02-24 13:26:19', 0),
(17, 93, 30, 75.00, '2026-02-24 13:35:46', 0),
(18, 92, 30, 75.00, '2026-02-24 13:38:41', 0),
(19, 92, 30, 75.00, '2026-02-24 13:39:41', 0),
(20, 92, 30, 75.00, '2026-02-24 13:40:10', 0),
(21, 92, 30, 75.00, '2026-02-24 13:40:53', 0),
(22, 96, 30, 75.00, '2026-02-24 16:37:07', 0),
(23, 96, 30, 75.00, '2026-02-24 23:08:29', 0),
(24, 94, 30, 75.00, '2026-02-24 23:16:40', 1),
(25, 95, 30, 75.00, '2026-02-24 23:35:19', 0),
(26, 94, 30, 75.00, '2026-02-24 23:42:33', 1),
(27, 94, 30, 75.00, '2026-02-25 00:23:27', 1),
(28, 94, 30, 75.00, '2026-02-25 00:33:10', 1),
(29, 76, 30, 75.00, '2026-02-25 01:51:38', 1),
(30, 76, 30, 75.00, '2026-02-25 01:54:35', 1);

-- --------------------------------------------------------

--
-- Table structure for table `roles`
--

CREATE TABLE `roles` (
  `role_id` int(11) NOT NULL,
  `role_name` varchar(50) NOT NULL
) ENGINE=InnoDB DEFAULT CHARSET=utf8mb4 COLLATE=utf8mb4_general_ci;

--
-- Dumping data for table `roles`
--

INSERT INTO `roles` (`role_id`, `role_name`) VALUES
(3, 'CASHIER'),
(1, 'OWNER');

-- --------------------------------------------------------

--
-- Table structure for table `rooms`
--

CREATE TABLE `rooms` (
  `room_id` int(11) NOT NULL,
  `room_number` int(11) NOT NULL,
  `room_type_id` int(11) NOT NULL,
  `status` enum('AVAILABLE','OCCUPIED','CLEANING') DEFAULT 'AVAILABLE',
  `is_active` tinyint(1) NOT NULL DEFAULT 1
) ENGINE=InnoDB DEFAULT CHARSET=utf8mb4 COLLATE=utf8mb4_general_ci;

--
-- Dumping data for table `rooms`
--

INSERT INTO `rooms` (`room_id`, `room_number`, `room_type_id`, `status`, `is_active`) VALUES
(1, 1, 1, 'AVAILABLE', 1),
(2, 2, 1, 'AVAILABLE', 1),
(3, 3, 1, 'OCCUPIED', 1),
(4, 4, 1, 'CLEANING', 1),
(5, 5, 1, 'CLEANING', 1),
(6, 6, 1, 'CLEANING', 1),
(7, 7, 2, 'CLEANING', 1),
(8, 8, 1, 'CLEANING', 1),
(9, 9, 2, 'CLEANING', 1),
(10, 10, 2, 'CLEANING', 1),
(11, 11, 2, 'CLEANING', 1),
(12, 12, 2, 'CLEANING', 1),
(14, 14, 2, 'CLEANING', 1),
(15, 15, 1, 'CLEANING', 1),
(16, 16, 1, 'CLEANING', 1);

-- --------------------------------------------------------

--
-- Table structure for table `room_types`
--

CREATE TABLE `room_types` (
  `room_type_id` int(11) NOT NULL,
  `type_name` varchar(50) NOT NULL,
  `price_per_hour` decimal(10,2) NOT NULL,
  `price_per_30min` decimal(10,2) NOT NULL
) ENGINE=InnoDB DEFAULT CHARSET=utf8mb4 COLLATE=utf8mb4_general_ci;

--
-- Dumping data for table `room_types`
--

INSERT INTO `room_types` (`room_type_id`, `type_name`, `price_per_hour`, `price_per_30min`) VALUES
(1, 'Regular (149)', 149.00, 75.00),
(2, 'Premium (199)', 199.00, 100.00);

-- --------------------------------------------------------

--
-- Table structure for table `staff_collections`
--

CREATE TABLE `staff_collections` (
  `collection_id` int(11) NOT NULL,
  `rental_id` int(11) NOT NULL,
  `bill_id` int(11) NOT NULL,
  `staff_id` int(11) NOT NULL,
  `amount_collected` decimal(10,2) NOT NULL,
  `payment_method` varchar(50) DEFAULT 'CASH',
  `collection_status` enum('COLLECTED','PASSED_TO_CASHIER','VERIFIED') DEFAULT 'COLLECTED',
  `collected_at` timestamp NOT NULL DEFAULT current_timestamp(),
  `passed_at` datetime DEFAULT NULL,
  `verified_at` datetime DEFAULT NULL,
  `cashier_id` int(11) DEFAULT NULL
) ENGINE=InnoDB DEFAULT CHARSET=utf8mb4 COLLATE=utf8mb4_general_ci;

-- --------------------------------------------------------

--
-- Table structure for table `transactions`
--

CREATE TABLE `transactions` (
  `transaction_id` int(11) NOT NULL,
  `bill_id` int(11) NOT NULL,
  `transaction_date` date NOT NULL,
  `total_amount` decimal(10,2) NOT NULL,
  `user_id` int(11) DEFAULT NULL
) ENGINE=InnoDB DEFAULT CHARSET=utf8mb4 COLLATE=utf8mb4_general_ci;

--
-- Dumping data for table `transactions`
--

INSERT INTO `transactions` (`transaction_id`, `bill_id`, `transaction_date`, `total_amount`, `user_id`) VALUES
(1, 1, '2026-01-31', 75.00, NULL),
(2, 3, '2026-01-31', 150.00, NULL),
(3, 2, '2026-02-01', 75.00, NULL),
(4, 5, '2026-02-01', 330.00, NULL),
(5, 4, '2026-02-01', 150.00, NULL),
(6, 6, '2026-02-01', 150.00, NULL),
(7, 7, '2026-02-01', 450.00, NULL),
(8, 8, '2026-02-01', 895.00, NULL),
(9, 9, '2026-02-01', 450.00, NULL),
(10, 10, '2026-02-01', 300.00, NULL),
(11, 17, '2026-02-01', 150.00, NULL),
(12, 11, '2026-02-01', 740.00, NULL),
(13, 12, '2026-02-01', 150.00, NULL),
(14, 13, '2026-02-01', 150.00, NULL),
(15, 14, '2026-02-01', 150.00, NULL),
(16, 15, '2026-02-01', 75.00, NULL),
(17, 16, '2026-02-01', 150.00, NULL),
(18, 20, '2026-02-02', 150.00, NULL),
(19, 21, '2026-02-02', 150.00, NULL),
(20, 19, '2026-02-02', 150.00, NULL),
(21, 18, '2026-02-02', 150.00, NULL),
(22, 22, '2026-02-02', 150.00, NULL),
(23, 23, '2026-02-02', 335.00, NULL),
(24, 24, '2026-02-02', 150.00, NULL),
(25, 25, '2026-02-02', 150.00, NULL),
(26, 26, '2026-02-02', 150.00, NULL),
(27, 27, '2026-02-02', 150.00, NULL),
(28, 28, '2026-02-02', 150.00, NULL),
(29, 29, '2026-02-02', 285.00, NULL),
(30, 30, '2026-02-02', 150.00, NULL),
(31, 31, '2026-02-02', 150.00, NULL),
(32, 32, '2026-02-02', 150.00, NULL),
(33, 33, '2026-02-02', 75.00, NULL),
(34, 35, '2026-02-02', 150.00, NULL),
(35, 34, '2026-02-02', 360.00, NULL),
(36, 36, '2026-02-02', 150.00, NULL),
(37, 37, '2026-02-02', 150.00, NULL),
(38, 38, '2026-02-09', 150.00, NULL),
(39, 39, '2026-02-09', 150.00, NULL),
(40, 40, '2026-02-09', 150.00, NULL),
(41, 41, '2026-02-09', 150.00, NULL),
(42, 42, '2026-02-09', 150.00, NULL),
(43, 44, '2026-02-12', 150.00, NULL),
(44, 46, '2026-02-18', 150.00, NULL),
(45, 45, '2026-02-18', 150.00, NULL),
(46, 43, '2026-02-18', 200.00, NULL),
(47, 47, '2026-02-18', 75.00, NULL),
(48, 48, '2026-02-18', 200.00, NULL),
(49, 49, '2026-02-18', 150.00, NULL),
(50, 51, '2026-02-22', 80.00, NULL),
(51, 52, '2026-02-22', 1000.00, NULL),
(52, 53, '2026-02-23', 150.00, NULL),
(53, 54, '2026-02-23', 21313.00, NULL),
(54, 50, '2026-02-23', 150.00, NULL),
(55, 56, '2026-02-23', 150.00, NULL),
(56, 60, '2026-02-23', 150.00, NULL),
(57, 57, '2026-02-23', 150.00, NULL),
(58, 55, '2026-02-23', 150.00, NULL),
(59, 59, '2026-02-23', 150.00, NULL),
(60, 61, '2026-02-24', 110.00, NULL),
(61, 58, '2026-02-24', 233.00, NULL),
(62, 64, '2026-02-24', 2323.00, NULL),
(63, 62, '2026-02-24', 150.00, NULL),
(64, 63, '2026-02-24', 150.00, NULL),
(65, 66, '2026-02-24', 150.00, NULL),
(66, 68, '2026-02-24', 150.00, NULL),
(67, 65, '2026-02-24', 150.00, NULL),
(68, 70, '2026-02-24', 150.00, NULL),
(69, 67, '2026-02-24', 150.00, NULL),
(70, 69, '2026-02-24', 150.00, NULL),
(71, 73, '2026-02-24', 150.00, NULL),
(72, 71, '2026-02-24', 150.00, NULL),
(73, 75, '2026-02-24', 150.00, NULL),
(74, 72, '2026-02-24', 150.00, NULL),
(75, 77, '2026-02-24', 150.00, NULL),
(76, 79, '2026-02-24', 1231.00, NULL),
(77, 74, '2026-02-24', 150.00, NULL),
(78, 80, '2026-02-24', 150.00, NULL),
(79, 84, '2026-02-24', 150.00, NULL),
(80, 83, '2026-02-24', 75.00, NULL),
(81, 82, '2026-02-24', 150.00, NULL),
(82, 81, '2026-02-24', 150.00, NULL),
(83, 87, '2026-02-24', 200.00, NULL),
(84, 90, '2026-02-24', 1231.00, NULL),
(85, 92, '2026-02-24', 222.00, NULL),
(86, 94, '2026-02-25', 2222.00, NULL),
(87, 94, '2026-02-25', 2222.00, NULL),
(88, 95, '2026-02-25', 500.00, NULL),
(89, 94, '2026-02-25', 2222.00, NULL),
(90, 94, '2026-02-25', 222.00, NULL),
(91, 94, '2026-02-25', 222.00, NULL),
(92, 94, '2026-02-25', 80.00, NULL),
(93, 76, '2026-02-25', 222.00, NULL),
(94, 76, '2026-02-25', 1231.00, NULL);

-- --------------------------------------------------------

--
-- Table structure for table `users`
--

CREATE TABLE `users` (
  `user_id` int(11) NOT NULL,
  `username` varchar(50) NOT NULL,
  `display_name` varchar(150) DEFAULT NULL,
  `email` varchar(255) DEFAULT NULL,
  `email_verified` tinyint(1) DEFAULT 0,
  `password` varchar(255) NOT NULL,
  `role_id` int(11) NOT NULL,
  `room_id` int(11) DEFAULT NULL,
  `is_active` tinyint(1) DEFAULT 1,
  `otp` varchar(6) DEFAULT NULL,
  `otp_expiry` datetime DEFAULT NULL,
  `must_change_password` tinyint(1) DEFAULT 0,
  `created_at` timestamp NOT NULL DEFAULT current_timestamp()
) ENGINE=InnoDB DEFAULT CHARSET=utf8mb4 COLLATE=utf8mb4_general_ci;

--
-- Dumping data for table `users`
--

INSERT INTO `users` (`user_id`, `username`, `display_name`, `email`, `email_verified`, `password`, `role_id`, `room_id`, `is_active`, `otp`, `otp_expiry`, `must_change_password`, `created_at`) VALUES
(2, 'owner', '', 'khristianjosol42@gmail.com', 0, '$2y$10$Hoz6eBDMxoZ1Mdg1MA/49utBuhMf4mVk9yefkkBIpEkzBwAntvIaC', 1, NULL, 1, '', NULL, 0, '2026-01-26 06:23:50'),
(3, 'staff', NULL, NULL, 0, '$2y$10$5OG.P9TuHpwOeMSc2C/j8e9aw69Stciq9RYFv64tuTGzEXEv3c/5q', 3, NULL, 1, NULL, NULL, 0, '2026-01-26 06:23:50'),
(4, 'cashier', '', 'jazdylabajan@gmail.com', 0, '$2y$10$20RPsznus6b7tBNwhnrBK.hkXcwhlNLNk6w3mXjBGcm/f.z5US/Du', 3, NULL, 1, NULL, NULL, 0, '2026-01-26 06:23:50'),
(5, 'customer', 'sample', NULL, 0, 'customerpass', 1, 1, 1, NULL, NULL, 0, '2026-01-26 06:23:50'),
(6, 'room1', 'room1', NULL, 0, '$2y$10$RjV/PMPDaADQ6joo.Eu8i.P59GQk0N0K54tQYxYQ.DfsQT68KwVr2', 1, 1, 1, NULL, NULL, 0, '2026-01-31 22:34:45'),
(7, 'room2', 'sample', NULL, 0, '$2y$10$DM3OgpbMBAaDhyllHLUnqub.fLR2czrV9.1lSpxDxuCgE0DC2NMue', 1, 2, 1, NULL, NULL, 0, '2026-01-31 23:30:02'),
(8, 'room3', 'sample', NULL, 0, '$2y$10$IMiWyQ8NeWIkXcFvtRgGLuPdjr/TA/zqWLC7RbnWF4dghLKlKyEAS', 1, 3, 1, NULL, NULL, 0, '2026-01-31 23:30:29'),
(9, 'room4', 'sample', NULL, 0, '$2y$10$wuoQnEecHZtdKILtJNHHfuK5o4c.dyxNQjw/qxVP6tslU.VVvfsye', 3, 4, 1, NULL, NULL, 0, '2026-01-31 23:31:33'),
(10, 'room5', 'sample', NULL, 0, '$2y$10$BRbsiLFs591RZfTBVIiVhuRKoLb3q4epnYj3hSV2UhOsZf7tuV95a', 1, 5, 1, NULL, NULL, 0, '2026-02-01 05:10:16'),
(11, 'Rj', 'Rj Cainglet', NULL, 0, '$2y$10$jO.Wpg38NEzHnoX194OJuOALp0mWzdODli4Aou3GwkPwJxjcd3oja', 3, NULL, 1, NULL, NULL, 0, '2026-02-02 12:11:49'),
(12, 'testing', 'testing', NULL, 0, '$2y$10$NXT7WNBOMagviz8KUgtVBOMyief83xoJcB7ni7hEN6O9v6AfnRju.', 1, NULL, 1, NULL, NULL, 0, '2026-02-09 01:43:17'),
(13, 'customer1', 'sample', NULL, 0, '$2y$10$Pgf2pAFFrZ4tPuLEs06AAO3KC.TfqIjgvYx2Fz.pVRm.dCdV7bX5O', 3, 1, 1, NULL, NULL, 0, '2026-02-09 10:34:10'),
(14, 'cashier2', 'sample', 'shawnyeet5@gmail.com', 1, '$2y$10$WtlUbtgix73wIh3e0.4qS.DZ3HELsa/FrKJfGoyrl7mavvvY163IC', 3, NULL, 1, NULL, NULL, 0, '2026-02-24 16:02:18'),
(15, 'john', 'John Rovir Gayla', 'joca.gayla.coc@phinmaed.com', 1, '$2y$10$e7lwBhQ4RD04MLz4ipXM8.YCfZnbzdDMolLwrMl1Fn1/dn6J7grG2', 3, NULL, 1, NULL, NULL, 0, '2026-02-25 05:15:06'),
(16, 'Jaspher', 'Jaspher Andrei Badlisan', 'jaar.badlisan.coc@phinmaed.com', 1, '$2y$10$ecm86F1XSzr05MjXnGgQj.6knGyY.RRIhUZCbBjs9TxajkvXMP1JK', 1, NULL, 1, NULL, NULL, 1, '2026-02-25 06:36:45');

-- --------------------------------------------------------

--
-- Table structure for table `user_creation_otps`
--

CREATE TABLE `user_creation_otps` (
  `otp_id` int(11) NOT NULL,
  `email` varchar(255) NOT NULL,
  `otp_code` varchar(6) NOT NULL,
  `created_at` timestamp NOT NULL DEFAULT current_timestamp(),
  `expires_at` datetime NOT NULL,
  `is_used` tinyint(1) DEFAULT 0
) ENGINE=InnoDB DEFAULT CHARSET=utf8mb4 COLLATE=utf8mb4_general_ci;

--
-- Dumping data for table `user_creation_otps`
--

INSERT INTO `user_creation_otps` (`otp_id`, `email`, `otp_code`, `created_at`, `expires_at`, `is_used`) VALUES
(3, 'shawnyeet5@gmail.com', '972514', '2026-02-24 16:01:55', '2026-02-25 00:16:55', 1),
(4, 'rovir.gayla@gmail.com', '943196', '2026-02-25 05:13:18', '2026-02-25 13:28:18', 0),
(5, 'joca.gayla.coc@phinmaed.com', '175234', '2026-02-25 05:13:47', '2026-02-25 13:28:47', 1),
(17, 'jaar.badlisan.coc@phinmaed.com', '364762', '2026-02-25 06:36:06', '2026-02-25 14:51:06', 1);

--
-- Indexes for dumped tables
--

--
-- Indexes for table `bills`
--
ALTER TABLE `bills`
  ADD PRIMARY KEY (`bill_id`),
  ADD KEY `rental_id` (`rental_id`);

--
-- Indexes for table `cleaning_logs`
--
ALTER TABLE `cleaning_logs`
  ADD PRIMARY KEY (`cleaning_id`),
  ADD KEY `room_id` (`room_id`);

--
-- Indexes for table `orders`
--
ALTER TABLE `orders`
  ADD PRIMARY KEY (`order_id`),
  ADD KEY `rental_id` (`rental_id`),
  ADD KEY `idx_orders_status` (`status`),
  ADD KEY `idx_orders_assigned` (`assigned_staff_id`),
  ADD KEY `idx_orders_paid` (`rental_id`,`is_paid`);

--
-- Indexes for table `order_audit`
--
ALTER TABLE `order_audit`
  ADD PRIMARY KEY (`audit_id`),
  ADD KEY `order_id` (`order_id`),
  ADD KEY `user_id` (`user_id`);

--
-- Indexes for table `order_items`
--
ALTER TABLE `order_items`
  ADD PRIMARY KEY (`order_item_id`),
  ADD KEY `order_id` (`order_id`),
  ADD KEY `product_id` (`product_id`);

--
-- Indexes for table `password_reset_otps`
--
ALTER TABLE `password_reset_otps`
  ADD PRIMARY KEY (`otp_id`),
  ADD KEY `idx_email` (`email`),
  ADD KEY `idx_otp` (`otp_code`),
  ADD KEY `idx_expires` (`expires_at`),
  ADD KEY `user_id` (`user_id`);

--
-- Indexes for table `payments`
--
ALTER TABLE `payments`
  ADD PRIMARY KEY (`payment_id`),
  ADD KEY `bill_id` (`bill_id`);

--
-- Indexes for table `payment_requests`
--
ALTER TABLE `payment_requests`
  ADD PRIMARY KEY (`request_id`),
  ADD KEY `rental_id` (`rental_id`);

--
-- Indexes for table `products`
--
ALTER TABLE `products`
  ADD PRIMARY KEY (`product_id`);

--
-- Indexes for table `rentals`
--
ALTER TABLE `rentals`
  ADD PRIMARY KEY (`rental_id`),
  ADD KEY `room_id` (`room_id`);

--
-- Indexes for table `rental_access`
--
ALTER TABLE `rental_access`
  ADD PRIMARY KEY (`access_id`),
  ADD UNIQUE KEY `qr_token` (`qr_token`),
  ADD UNIQUE KEY `rental_id` (`rental_id`),
  ADD KEY `otp_code` (`otp_code`);

--
-- Indexes for table `rental_extensions`
--
ALTER TABLE `rental_extensions`
  ADD PRIMARY KEY (`extension_id`),
  ADD KEY `rental_id` (`rental_id`),
  ADD KEY `idx_extensions_paid` (`rental_id`,`is_paid`);

--
-- Indexes for table `roles`
--
ALTER TABLE `roles`
  ADD PRIMARY KEY (`role_id`),
  ADD UNIQUE KEY `role_name` (`role_name`);

--
-- Indexes for table `rooms`
--
ALTER TABLE `rooms`
  ADD PRIMARY KEY (`room_id`),
  ADD UNIQUE KEY `room_number` (`room_number`),
  ADD KEY `room_type_id` (`room_type_id`);

--
-- Indexes for table `room_types`
--
ALTER TABLE `room_types`
  ADD PRIMARY KEY (`room_type_id`);

--
-- Indexes for table `staff_collections`
--
ALTER TABLE `staff_collections`
  ADD PRIMARY KEY (`collection_id`),
  ADD KEY `rental_id` (`rental_id`),
  ADD KEY `staff_id` (`staff_id`);

--
-- Indexes for table `transactions`
--
ALTER TABLE `transactions`
  ADD PRIMARY KEY (`transaction_id`),
  ADD KEY `bill_id` (`bill_id`),
  ADD KEY `user_id` (`user_id`);

--
-- Indexes for table `users`
--
ALTER TABLE `users`
  ADD PRIMARY KEY (`user_id`),
  ADD UNIQUE KEY `username` (`username`),
  ADD UNIQUE KEY `email_unique` (`email`),
  ADD KEY `role_id` (`role_id`),
  ADD KEY `idx_room_id` (`room_id`),
  ADD KEY `idx_otp` (`otp`),
  ADD KEY `idx_must_change_password` (`must_change_password`);

--
-- Indexes for table `user_creation_otps`
--
ALTER TABLE `user_creation_otps`
  ADD PRIMARY KEY (`otp_id`),
  ADD KEY `idx_email` (`email`),
  ADD KEY `idx_otp` (`otp_code`),
  ADD KEY `idx_expires` (`expires_at`);

--
-- AUTO_INCREMENT for dumped tables
--

--
-- AUTO_INCREMENT for table `bills`
--
ALTER TABLE `bills`
  MODIFY `bill_id` int(11) NOT NULL AUTO_INCREMENT, AUTO_INCREMENT=110;

--
-- AUTO_INCREMENT for table `cleaning_logs`
--
ALTER TABLE `cleaning_logs`
  MODIFY `cleaning_id` int(11) NOT NULL AUTO_INCREMENT, AUTO_INCREMENT=104;

--
-- AUTO_INCREMENT for table `orders`
--
ALTER TABLE `orders`
  MODIFY `order_id` int(11) NOT NULL AUTO_INCREMENT, AUTO_INCREMENT=102;

--
-- AUTO_INCREMENT for table `order_audit`
--
ALTER TABLE `order_audit`
  MODIFY `audit_id` int(11) NOT NULL AUTO_INCREMENT, AUTO_INCREMENT=212;

--
-- AUTO_INCREMENT for table `order_items`
--
ALTER TABLE `order_items`
  MODIFY `order_item_id` int(11) NOT NULL AUTO_INCREMENT, AUTO_INCREMENT=115;

--
-- AUTO_INCREMENT for table `password_reset_otps`
--
ALTER TABLE `password_reset_otps`
  MODIFY `otp_id` int(11) NOT NULL AUTO_INCREMENT, AUTO_INCREMENT=42;

--
-- AUTO_INCREMENT for table `payments`
--
ALTER TABLE `payments`
  MODIFY `payment_id` int(11) NOT NULL AUTO_INCREMENT, AUTO_INCREMENT=110;

--
-- AUTO_INCREMENT for table `payment_requests`
--
ALTER TABLE `payment_requests`
  MODIFY `request_id` int(11) NOT NULL AUTO_INCREMENT;

--
-- AUTO_INCREMENT for table `products`
--
ALTER TABLE `products`
  MODIFY `product_id` int(11) NOT NULL AUTO_INCREMENT, AUTO_INCREMENT=10;

--
-- AUTO_INCREMENT for table `rentals`
--
ALTER TABLE `rentals`
  MODIFY `rental_id` int(11) NOT NULL AUTO_INCREMENT, AUTO_INCREMENT=110;

--
-- AUTO_INCREMENT for table `rental_access`
--
ALTER TABLE `rental_access`
  MODIFY `access_id` int(11) NOT NULL AUTO_INCREMENT, AUTO_INCREMENT=60;

--
-- AUTO_INCREMENT for table `rental_extensions`
--
ALTER TABLE `rental_extensions`
  MODIFY `extension_id` int(11) NOT NULL AUTO_INCREMENT, AUTO_INCREMENT=31;

--
-- AUTO_INCREMENT for table `roles`
--
ALTER TABLE `roles`
  MODIFY `role_id` int(11) NOT NULL AUTO_INCREMENT, AUTO_INCREMENT=5;

--
-- AUTO_INCREMENT for table `rooms`
--
ALTER TABLE `rooms`
  MODIFY `room_id` int(11) NOT NULL AUTO_INCREMENT, AUTO_INCREMENT=17;

--
-- AUTO_INCREMENT for table `room_types`
--
ALTER TABLE `room_types`
  MODIFY `room_type_id` int(11) NOT NULL AUTO_INCREMENT, AUTO_INCREMENT=4;

--
-- AUTO_INCREMENT for table `staff_collections`
--
ALTER TABLE `staff_collections`
  MODIFY `collection_id` int(11) NOT NULL AUTO_INCREMENT;

--
-- AUTO_INCREMENT for table `transactions`
--
ALTER TABLE `transactions`
  MODIFY `transaction_id` int(11) NOT NULL AUTO_INCREMENT, AUTO_INCREMENT=95;

--
-- AUTO_INCREMENT for table `users`
--
ALTER TABLE `users`
  MODIFY `user_id` int(11) NOT NULL AUTO_INCREMENT, AUTO_INCREMENT=17;

--
-- AUTO_INCREMENT for table `user_creation_otps`
--
ALTER TABLE `user_creation_otps`
  MODIFY `otp_id` int(11) NOT NULL AUTO_INCREMENT, AUTO_INCREMENT=18;

--
-- Constraints for dumped tables
--

--
-- Constraints for table `bills`
--
ALTER TABLE `bills`
  ADD CONSTRAINT `bills_ibfk_1` FOREIGN KEY (`rental_id`) REFERENCES `rentals` (`rental_id`);

--
-- Constraints for table `cleaning_logs`
--
ALTER TABLE `cleaning_logs`
  ADD CONSTRAINT `cleaning_logs_ibfk_1` FOREIGN KEY (`room_id`) REFERENCES `rooms` (`room_id`);

--
-- Constraints for table `orders`
--
ALTER TABLE `orders`
  ADD CONSTRAINT `orders_ibfk_1` FOREIGN KEY (`rental_id`) REFERENCES `rentals` (`rental_id`);

--
-- Constraints for table `order_items`
--
ALTER TABLE `order_items`
  ADD CONSTRAINT `order_items_ibfk_1` FOREIGN KEY (`order_id`) REFERENCES `orders` (`order_id`),
  ADD CONSTRAINT `order_items_ibfk_2` FOREIGN KEY (`product_id`) REFERENCES `products` (`product_id`);

--
-- Constraints for table `password_reset_otps`
--
ALTER TABLE `password_reset_otps`
  ADD CONSTRAINT `password_reset_otps_ibfk_1` FOREIGN KEY (`user_id`) REFERENCES `users` (`user_id`) ON DELETE CASCADE;

--
-- Constraints for table `payments`
--
ALTER TABLE `payments`
  ADD CONSTRAINT `payments_ibfk_1` FOREIGN KEY (`bill_id`) REFERENCES `bills` (`bill_id`);

--
-- Constraints for table `rentals`
--
ALTER TABLE `rentals`
  ADD CONSTRAINT `rentals_ibfk_1` FOREIGN KEY (`room_id`) REFERENCES `rooms` (`room_id`);

--
-- Constraints for table `rental_extensions`
--
ALTER TABLE `rental_extensions`
  ADD CONSTRAINT `rental_extensions_ibfk_1` FOREIGN KEY (`rental_id`) REFERENCES `rentals` (`rental_id`);

--
-- Constraints for table `rooms`
--
ALTER TABLE `rooms`
  ADD CONSTRAINT `rooms_ibfk_1` FOREIGN KEY (`room_type_id`) REFERENCES `room_types` (`room_type_id`);

--
-- Constraints for table `transactions`
--
ALTER TABLE `transactions`
  ADD CONSTRAINT `transactions_ibfk_1` FOREIGN KEY (`bill_id`) REFERENCES `bills` (`bill_id`),
  ADD CONSTRAINT `transactions_ibfk_2` FOREIGN KEY (`user_id`) REFERENCES `users` (`user_id`);

--
-- Constraints for table `users`
--
ALTER TABLE `users`
  ADD CONSTRAINT `users_ibfk_1` FOREIGN KEY (`role_id`) REFERENCES `roles` (`role_id`);
COMMIT;

/*!40101 SET CHARACTER_SET_CLIENT=@OLD_CHARACTER_SET_CLIENT */;
/*!40101 SET CHARACTER_SET_RESULTS=@OLD_CHARACTER_SET_RESULTS */;
/*!40101 SET COLLATION_CONNECTION=@OLD_COLLATION_CONNECTION */;
